<?xml version="1.0" encoding="UTF-8"?>
<questestinterop xmlns="http://www.imsglobal.org/xsd/ims_qtiasiv1p2" xmlns:xsi="http://www.w3.org/2001/XMLSchema-instance" xsi:schemaLocation="http://www.imsglobal.org/xsd/ims_qtiasiv1p2 http://www.imsglobal.org/xsd/ims_qtiasiv1p2p1.xsd"><assessment ident="c4e83266c163f297890d91f84985f88bad2e3ffa996177f0264300cdb4ac7da4524e768eb459f4ef" title="CIA 2 Group 40"><qtimetadata><qtimetadatafield><fieldlabel>cc_maxattempts</fieldlabel><fieldentry>1</fieldentry></qtimetadatafield></qtimetadata><section ident="root_section"><item ident="6263050fbc4caf9f7a48bf92fad8c4c3302297fe1f2e7fc28ac4ba3d11a5d8efa5dfe385c452499d" title="Question"><itemmetadata><qtimetadata><qtimetadatafield><fieldlabel>question_type</fieldlabel><fieldentry>true_false_question</fieldentry></qtimetadatafield><qtimetadatafield><fieldlabel>points_possible</fieldlabel><fieldentry>1</fieldentry></qtimetadatafield><qtimetadatafield><fieldlabel>original_answer_ids</fieldlabel><fieldentry>8f104129e3f4a79bef695cf27794ef6450a18e0f00205421159d8de3e64c6289f8099dff546b29e8,cde65d6894285c937251f62161c25449fdd3d1cbbf68998eb3df77fa063d5e82c3d1e9f106ec4393</fieldentry></qtimetadatafield><qtimetadatafield><fieldlabel>assessment_question_identifierref</fieldlabel><fieldentry>f443fe0b85663559583d841c59cc62411c9606e1d6aa5a92c7f2018d1bf25c235a2e1d0aca3e0ccd</fieldentry></qtimetadatafield></qtimetadata></itemmetadata><presentation><material><mattext texttype="text/html">True or False: The following function correctly implements the heapify operation for a max heap. https://gist.github.com/k0src/43b813ffde1e576300d0a9f2518eadf4</mattext></material><response_lid ident="response1" rcardinality="Single"><render_choice><response_label ident="8f104129e3f4a79bef695cf27794ef6450a18e0f00205421159d8de3e64c6289f8099dff546b29e8"><material><mattext texttype="text/html">True</mattext></material></response_label><response_label ident="cde65d6894285c937251f62161c25449fdd3d1cbbf68998eb3df77fa063d5e82c3d1e9f106ec4393"><material><mattext texttype="text/html">False</mattext></material></response_label></render_choice></response_lid></presentation><resprocessing><outcomes><decvar maxvalue="100" minvalue="0" varname="SCORE" vartype="Decimal"/></outcomes><respcondition continue="No"><conditionvar><varequal respident="response1">cde65d6894285c937251f62161c25449fdd3d1cbbf68998eb3df77fa063d5e82c3d1e9f106ec4393</varequal></conditionvar><setvar actoin="Set" varname="SCORE">100</setvar></respcondition></resprocessing></item><item ident="6bac012fdd4267d6a871139c9865de85730908a31372b0c70510496bab885fb0e203ffd4805f4c60" title="Question"><itemmetadata><qtimetadata><qtimetadatafield><fieldlabel>question_type</fieldlabel><fieldentry>true_false_question</fieldentry></qtimetadatafield><qtimetadatafield><fieldlabel>points_possible</fieldlabel><fieldentry>1</fieldentry></qtimetadatafield><qtimetadatafield><fieldlabel>original_answer_ids</fieldlabel><fieldentry>7553cbf02ee8bf716f77f487ca33e876d227213b7aeb797c344a879a90a3c473aeeaef81de2338e8,03a13991b13c38de280254e10d4a8f1ccbdbfdb999a8a8b2e8e78a1d0b38b65692788fbf53d1a4c3</fieldentry></qtimetadatafield><qtimetadatafield><fieldlabel>assessment_question_identifierref</fieldlabel><fieldentry>95d35d08125731fd4abc288764389b047d01b9cb42c5962136ffb548ca9aa84fe1bcd6c32ab12fa7</fieldentry></qtimetadatafield></qtimetadata></itemmetadata><presentation><material><mattext texttype="text/html">True or False: In a stack, the most recently added element is the first one removed.</mattext></material><response_lid ident="response1" rcardinality="Single"><render_choice><response_label ident="7553cbf02ee8bf716f77f487ca33e876d227213b7aeb797c344a879a90a3c473aeeaef81de2338e8"><material><mattext texttype="text/html">True</mattext></material></response_label><response_label ident="03a13991b13c38de280254e10d4a8f1ccbdbfdb999a8a8b2e8e78a1d0b38b65692788fbf53d1a4c3"><material><mattext texttype="text/html">False</mattext></material></response_label></render_choice></response_lid></presentation><resprocessing><outcomes><decvar maxvalue="100" minvalue="0" varname="SCORE" vartype="Decimal"/></outcomes><respcondition continue="No"><conditionvar><varequal respident="response1">7553cbf02ee8bf716f77f487ca33e876d227213b7aeb797c344a879a90a3c473aeeaef81de2338e8</varequal></conditionvar><setvar actoin="Set" varname="SCORE">100</setvar></respcondition></resprocessing></item><item ident="b7d5e458d1d11ab4ddc21013f6c01971ef6d872726ba8ab3ae07485dbbf18b035eaf9828f1d368b4" title="Question"><itemmetadata><qtimetadata><qtimetadatafield><fieldlabel>question_type</fieldlabel><fieldentry>short_answer_question</fieldentry></qtimetadatafield><qtimetadatafield><fieldlabel>points_possible</fieldlabel><fieldentry>1</fieldentry></qtimetadatafield><qtimetadatafield><fieldlabel>original_answer_ids</fieldlabel><fieldentry>84ec2bdf82e5055ea245e36521846e5096d2b7bff17f6eebe81f3a980f98a473f28b25d81122c3d2,76cbde1a7f6100cc7e2902a0c1604b804a335e0205f27599b0a32a749ca532c786e35479014bb538</fieldentry></qtimetadatafield><qtimetadatafield><fieldlabel>assessment_question_identifierref</fieldlabel><fieldentry>091535fed633b8606e0a0af1a08296856ae7d36bf6e6ee8eb1cad7722caadcab2829407cdb2a0c2c</fieldentry></qtimetadatafield></qtimetadata></itemmetadata><presentation><material><mattext texttype="text/html">This function implements _______ traveral. https://gist.github.com/k0src/43b813ffde1e576300d0a9f2518eadf4</mattext></material><response_str ident="response1" rcardinality="Single"><render_fib><response_label ident="answer1" rshuffle="No"/></render_fib></response_str></presentation><resprocessing><outcomes><decvar maxvalue="100" minvalue="0" varname="SCORE" vartype="Decimal"/></outcomes><respcondition continue="No"><conditionvar><varequal respident="response1">preorder</varequal><varequal respident="response1">Preorder</varequal></conditionvar><setvar actoin="Set" varname="SCORE">100</setvar></respcondition></resprocessing></item><item ident="5b3b60504ca327a6b3c8c6453484cc164940a1396500f0e098eae1abf045def966424c3e8b172252" title="Question"><itemmetadata><qtimetadata><qtimetadatafield><fieldlabel>question_type</fieldlabel><fieldentry>multiple_choice_question</fieldentry></qtimetadatafield><qtimetadatafield><fieldlabel>points_possible</fieldlabel><fieldentry>1</fieldentry></qtimetadatafield><qtimetadatafield><fieldlabel>original_answer_ids</fieldlabel><fieldentry>1ebe5c1ac3c3ef9016f9e90ffd08e15b657795ca7ef2799176e3b05c76fc75d2f98ff61825a11e8e,4e570d1032f2ca36cad14d3afc573b911ac00a2572635da29981701ae6dc764ba00067d2cf2f4f5d,57c37199435489c7d534bf8fe3b4749cb7784a376861a0bf445e6edeacc8fd5f6fea6aab227ab6f8,e46c4e3769d03b16811e12ca8a8a6f2946d98df7c59473298a9749a3656d764535b37606c4aec76b</fieldentry></qtimetadatafield><qtimetadatafield><fieldlabel>assessment_question_identifierref</fieldlabel><fieldentry>4472212ad7f28e710cce614ac7d67088a4634a2e015ba71623960ee0aeb6b11c5765cc331810072c</fieldentry></qtimetadatafield></qtimetadata></itemmetadata><presentation><material><mattext texttype="text/html">What is the time complexity of Merge Sort in the average case?</mattext></material><response_lid ident="response1" rcardinality="Single"><render_choice><response_label ident="1ebe5c1ac3c3ef9016f9e90ffd08e15b657795ca7ef2799176e3b05c76fc75d2f98ff61825a11e8e"><material><mattext texttype="text/html">O(n)</mattext></material></response_label><response_label ident="4e570d1032f2ca36cad14d3afc573b911ac00a2572635da29981701ae6dc764ba00067d2cf2f4f5d"><material><mattext texttype="text/html">O(n^2)</mattext></material></response_label><response_label ident="57c37199435489c7d534bf8fe3b4749cb7784a376861a0bf445e6edeacc8fd5f6fea6aab227ab6f8"><material><mattext texttype="text/html">O(n log n)</mattext></material></response_label><response_label ident="e46c4e3769d03b16811e12ca8a8a6f2946d98df7c59473298a9749a3656d764535b37606c4aec76b"><material><mattext texttype="text/html">O(log n)</mattext></material></response_label></render_choice></response_lid></presentation><resprocessing><outcomes><decvar maxvalue="100" minvalue="0" varname="SCORE" vartype="Decimal"/></outcomes><respcondition continue="No"><conditionvar><varequal respident="response1">57c37199435489c7d534bf8fe3b4749cb7784a376861a0bf445e6edeacc8fd5f6fea6aab227ab6f8</varequal></conditionvar><setvar actoin="Set" varname="SCORE">100</setvar></respcondition></resprocessing></item><item ident="7c8006fe77837b6fd9e888da7320319012d60d3765a481d588f7a1f0722ef595e1ede8ee0939c8ff" title="Question"><itemmetadata><qtimetadata><qtimetadatafield><fieldlabel>question_type</fieldlabel><fieldentry>short_answer_question</fieldentry></qtimetadatafield><qtimetadatafield><fieldlabel>points_possible</fieldlabel><fieldentry>1</fieldentry></qtimetadatafield><qtimetadatafield><fieldlabel>original_answer_ids</fieldlabel><fieldentry>7162425827a8e22392cc05fbf01ada18aa44ca05db0c28b16a7bc7be130c07ad1996aa418746da7a,8b98f9eebcdbf38d8dca582f82bedbd3776bdf33722f410d8f32d0ea18d5fc79039f8ec557a69bf8</fieldentry></qtimetadatafield><qtimetadatafield><fieldlabel>assessment_question_identifierref</fieldlabel><fieldentry>980a26bd5447a43cdec1ca6f9be1d097dad00c35b8a21d85b5a7939b007be08ba53b003c45bbc6e7</fieldentry></qtimetadatafield></qtimetadata></itemmetadata><presentation><material><mattext texttype="text/html">What is the missing line of code in this Shell sort algorithm? https://gist.github.com/k0src/43b813ffde1e576300d0a9f2518eadf4</mattext></material><response_str ident="response1" rcardinality="Single"><render_fib><response_label ident="answer1" rshuffle="No"/></render_fib></response_str></presentation><resprocessing><outcomes><decvar maxvalue="100" minvalue="0" varname="SCORE" vartype="Decimal"/></outcomes><respcondition continue="No"><conditionvar><varequal respident="response1">gap/2;</varequal><varequal respident="response1">gap / 2;</varequal></conditionvar><setvar actoin="Set" varname="SCORE">100</setvar></respcondition></resprocessing></item><item ident="608806fe96d9c870714b362716b8f79e0115c75578656344c3e9cfaf886869e2f653940fe9050c69" title="Question"><itemmetadata><qtimetadata><qtimetadatafield><fieldlabel>question_type</fieldlabel><fieldentry>multiple_choice_question</fieldentry></qtimetadatafield><qtimetadatafield><fieldlabel>points_possible</fieldlabel><fieldentry>1</fieldentry></qtimetadatafield><qtimetadatafield><fieldlabel>original_answer_ids</fieldlabel><fieldentry>ec1e5d52717dd81dcfee820b3bae2403913300da96ffe06787679a05f163d4857b4ca56388632b0c,b42d4d46e4cdde27df5fa84af3623bfacf889f48c69089ac905a9a4b202bb7ac57e5a7a1f46f17f0,7191355662f58b8cfa8c3caabaf65477d9eded107f150c473c18c7f7295e7a70bc4a5e6a7881a227,aaeb470db5b85b2c7c5d4f0c5932687f7812ca56a0aa45da2b7d399b1d8a5203eeecd7dea6e99d55</fieldentry></qtimetadatafield><qtimetadatafield><fieldlabel>assessment_question_identifierref</fieldlabel><fieldentry>374f2c27ae4b2b885ecd412c9dd020f32b6ebfcc04055f2db5581cebce6289d7ae557ed83dfae767</fieldentry></qtimetadatafield></qtimetadata></itemmetadata><presentation><material><mattext texttype="text/html">In the following quick sort partition function, what is incorrect? https://gist.github.com/k0src/43b813ffde1e576300d0a9f2518eadf4</mattext></material><response_lid ident="response1" rcardinality="Single"><render_choice><response_label ident="ec1e5d52717dd81dcfee820b3bae2403913300da96ffe06787679a05f163d4857b4ca56388632b0c"><material><mattext texttype="text/html">It does not properly handle pivot placement</mattext></material></response_label><response_label ident="b42d4d46e4cdde27df5fa84af3623bfacf889f48c69089ac905a9a4b202bb7ac57e5a7a1f46f17f0"><material><mattext texttype="text/html">The loop condition is incorrect</mattext></material></response_label><response_label ident="7191355662f58b8cfa8c3caabaf65477d9eded107f150c473c18c7f7295e7a70bc4a5e6a7881a227"><material><mattext texttype="text/html">The i index should start at low - 1</mattext></material></response_label><response_label ident="aaeb470db5b85b2c7c5d4f0c5932687f7812ca56a0aa45da2b7d399b1d8a5203eeecd7dea6e99d55"><material><mattext texttype="text/html">It does not return an integer</mattext></material></response_label></render_choice></response_lid></presentation><resprocessing><outcomes><decvar maxvalue="100" minvalue="0" varname="SCORE" vartype="Decimal"/></outcomes><respcondition continue="No"><conditionvar><varequal respident="response1">7191355662f58b8cfa8c3caabaf65477d9eded107f150c473c18c7f7295e7a70bc4a5e6a7881a227</varequal></conditionvar><setvar actoin="Set" varname="SCORE">100</setvar></respcondition></resprocessing></item><item ident="0a41c9cfed50677202f583d38c32668df7dc1d2ecaada60220ed98a855ce3762dcdf932347f585e0" title="Question"><itemmetadata><qtimetadata><qtimetadatafield><fieldlabel>question_type</fieldlabel><fieldentry>multiple_choice_question</fieldentry></qtimetadatafield><qtimetadatafield><fieldlabel>points_possible</fieldlabel><fieldentry>1</fieldentry></qtimetadatafield><qtimetadatafield><fieldlabel>original_answer_ids</fieldlabel><fieldentry>e3b5e65a09eca7cf0653555cfee48585a0acd911af92b1282230facab1b4ec8dbcfdf196ea8e495a,90709920c1978e0249aef14213dde96b52397e730a1c52924734a52cac8e592cbbf7eb6ce45eb309,497900317f9e3d65881e7df9507ea045be3ea38ccff3a34490d043f4c2d0a1056d043e99bf1f57e1,3435fb33e7f38c6c599d1877e7bdfadedc25b815fca5025b7e680a2d6ea4411dfbfa9e23b87b4371</fieldentry></qtimetadatafield><qtimetadatafield><fieldlabel>assessment_question_identifierref</fieldlabel><fieldentry>3b284cf8a24655603b3f035c61ecde43748d735db296a2579d59ec6eee393d367d39955553c2dbd0</fieldentry></qtimetadatafield></qtimetadata></itemmetadata><presentation><material><mattext texttype="text/html">Which line is missing from this method to extract the minimum value from a min heap? https://gist.github.com/k0src/43b813ffde1e576300d0a9f2518eadf4</mattext></material><response_lid ident="response1" rcardinality="Single"><render_choice><response_label ident="e3b5e65a09eca7cf0653555cfee48585a0acd911af92b1282230facab1b4ec8dbcfdf196ea8e495a"><material><mattext texttype="text/html">arr[0]++;</mattext></material></response_label><response_label ident="90709920c1978e0249aef14213dde96b52397e730a1c52924734a52cac8e592cbbf7eb6ce45eb309"><material><mattext texttype="text/html">arr[0] = arr[min];</mattext></material></response_label><response_label ident="497900317f9e3d65881e7df9507ea045be3ea38ccff3a34490d043f4c2d0a1056d043e99bf1f57e1"><material><mattext texttype="text/html">arr[size() - 1] = arr[arr.size() - 1];</mattext></material></response_label><response_label ident="3435fb33e7f38c6c599d1877e7bdfadedc25b815fca5025b7e680a2d6ea4411dfbfa9e23b87b4371"><material><mattext texttype="text/html">arr[0] = arr[arr.size() - 1];</mattext></material></response_label></render_choice></response_lid></presentation><resprocessing><outcomes><decvar maxvalue="100" minvalue="0" varname="SCORE" vartype="Decimal"/></outcomes><respcondition continue="No"><conditionvar><varequal respident="response1">3435fb33e7f38c6c599d1877e7bdfadedc25b815fca5025b7e680a2d6ea4411dfbfa9e23b87b4371</varequal></conditionvar><setvar actoin="Set" varname="SCORE">100</setvar></respcondition></resprocessing></item><item ident="8d715994f142c75a8cfd6871a5f11f02baaa3701ef0e9a45a85eccdd454cdd0bba9f823f607472da" title="Question"><itemmetadata><qtimetadata><qtimetadatafield><fieldlabel>question_type</fieldlabel><fieldentry>short_answer_question</fieldentry></qtimetadatafield><qtimetadatafield><fieldlabel>points_possible</fieldlabel><fieldentry>1</fieldentry></qtimetadatafield><qtimetadatafield><fieldlabel>original_answer_ids</fieldlabel><fieldentry>fd36bcea7cdd241071a3f70dd84ed9919d63c914874f77e99cfd1e5a931ce3cc80dbd3cf0a00543f,a349c71746b1328338dfa268e851674e0f664e8ce3e5c08805a891b1ca1f7d5e1017628e32fa1e74</fieldentry></qtimetadatafield><qtimetadatafield><fieldlabel>assessment_question_identifierref</fieldlabel><fieldentry>86fced1509f2e5a18633cdb812060d98e500fdc27df6511025df87a2426ab34922b07b2eb54d6275</fieldentry></qtimetadatafield></qtimetadata></itemmetadata><presentation><material><mattext texttype="text/html">____ sort operates by first rearranging an unsorted array to satisfy a specific order property via a tree-based structure and then repeatedly swapping the first element with the last unsorted element to achieve a sorted list.</mattext></material><response_str ident="response1" rcardinality="Single"><render_fib><response_label ident="answer1" rshuffle="No"/></render_fib></response_str></presentation><resprocessing><outcomes><decvar maxvalue="100" minvalue="0" varname="SCORE" vartype="Decimal"/></outcomes><respcondition continue="No"><conditionvar><varequal respident="response1">heap</varequal><varequal respident="response1">Heap</varequal></conditionvar><setvar actoin="Set" varname="SCORE">100</setvar></respcondition></resprocessing></item><item ident="103a2d52a8918216b5a198c44d9d953a5913f7529a1bd7d416c728e32cf47e4d0b54f99b5c56e07b" title="Question"><itemmetadata><qtimetadata><qtimetadatafield><fieldlabel>question_type</fieldlabel><fieldentry>multiple_choice_question</fieldentry></qtimetadatafield><qtimetadatafield><fieldlabel>points_possible</fieldlabel><fieldentry>1</fieldentry></qtimetadatafield><qtimetadatafield><fieldlabel>original_answer_ids</fieldlabel><fieldentry>80616da65322c320579477b0e34b9199d32ce073d2ddcf1896b1d7eab328f2a1906dd9f4943840c3,617da215180b2e914dbae7d773d7dd76108714371ea859375c4deb68510e2d6626a00fd376179b7f,420a75ae47808a84600ebdf07196ce853d0e74903bea4ec80fadf15380e37eb10aab19739b87e4aa,93c8ea3fa25a881b5a0cfb70bd4ff4578b32c4ffbea0d2c53f361e1a61b044ffe22395607b5523ff</fieldentry></qtimetadatafield><qtimetadatafield><fieldlabel>assessment_question_identifierref</fieldlabel><fieldentry>097909b44e729f2b92369499da69519f22b5728e0a2ff404b60a2929129b3ccf772439aa582c8b46</fieldentry></qtimetadatafield></qtimetadata></itemmetadata><presentation><material><mattext texttype="text/html">The postfix equivalent of the infix expression (A + B) * C is:</mattext></material><response_lid ident="response1" rcardinality="Single"><render_choice><response_label ident="80616da65322c320579477b0e34b9199d32ce073d2ddcf1896b1d7eab328f2a1906dd9f4943840c3"><material><mattext texttype="text/html">A B + C *</mattext></material></response_label><response_label ident="617da215180b2e914dbae7d773d7dd76108714371ea859375c4deb68510e2d6626a00fd376179b7f"><material><mattext texttype="text/html">A B C + *</mattext></material></response_label><response_label ident="420a75ae47808a84600ebdf07196ce853d0e74903bea4ec80fadf15380e37eb10aab19739b87e4aa"><material><mattext texttype="text/html">A + B * C</mattext></material></response_label><response_label ident="93c8ea3fa25a881b5a0cfb70bd4ff4578b32c4ffbea0d2c53f361e1a61b044ffe22395607b5523ff"><material><mattext texttype="text/html">C A B + *</mattext></material></response_label></render_choice></response_lid></presentation><resprocessing><outcomes><decvar maxvalue="100" minvalue="0" varname="SCORE" vartype="Decimal"/></outcomes><respcondition continue="No"><conditionvar><varequal respident="response1">80616da65322c320579477b0e34b9199d32ce073d2ddcf1896b1d7eab328f2a1906dd9f4943840c3</varequal></conditionvar><setvar actoin="Set" varname="SCORE">100</setvar></respcondition></resprocessing></item><item ident="7f4af627865c79a4f66ad4433c3c0a2b00d09359e9df5b4b3d791762ee4fc6ca799921cacc203c35" title="Question"><itemmetadata><qtimetadata><qtimetadatafield><fieldlabel>question_type</fieldlabel><fieldentry>true_false_question</fieldentry></qtimetadatafield><qtimetadatafield><fieldlabel>points_possible</fieldlabel><fieldentry>1</fieldentry></qtimetadatafield><qtimetadatafield><fieldlabel>original_answer_ids</fieldlabel><fieldentry>72751a4881f0c7dbcc7ac4834b622092c115514de45de6b2c4b0e9388d80370604636d3c52debd62,284187be3e3b196b88bec751f3faba2201a995882b5ef6ebe74368fb2f17004150777fc7145b8f66</fieldentry></qtimetadatafield><qtimetadatafield><fieldlabel>assessment_question_identifierref</fieldlabel><fieldentry>93a8e7a2db6a02f3a6d04bae02d26fb434a2476a3cbc45167c326e10c168eeac7e3f97f9f850314d</fieldentry></qtimetadatafield></qtimetadata></itemmetadata><presentation><material><mattext texttype="text/html">True or False: This function correctly inserts a node at the end of a circular linked list. https://gist.github.com/k0src/43b813ffde1e576300d0a9f2518eadf4</mattext></material><response_lid ident="response1" rcardinality="Single"><render_choice><response_label ident="72751a4881f0c7dbcc7ac4834b622092c115514de45de6b2c4b0e9388d80370604636d3c52debd62"><material><mattext texttype="text/html">True</mattext></material></response_label><response_label ident="284187be3e3b196b88bec751f3faba2201a995882b5ef6ebe74368fb2f17004150777fc7145b8f66"><material><mattext texttype="text/html">False</mattext></material></response_label></render_choice></response_lid></presentation><resprocessing><outcomes><decvar maxvalue="100" minvalue="0" varname="SCORE" vartype="Decimal"/></outcomes><respcondition continue="No"><conditionvar><varequal respident="response1">72751a4881f0c7dbcc7ac4834b622092c115514de45de6b2c4b0e9388d80370604636d3c52debd62</varequal></conditionvar><setvar actoin="Set" varname="SCORE">100</setvar></respcondition></resprocessing></item><item ident="5760489dbf386b02f66aeced5ee58810eb21d5365b35bd0d999402d5f99616c43aea135b143fd3e1" title="Question"><itemmetadata><qtimetadata><qtimetadatafield><fieldlabel>question_type</fieldlabel><fieldentry>multiple_answers_question</fieldentry></qtimetadatafield><qtimetadatafield><fieldlabel>points_possible</fieldlabel><fieldentry>1</fieldentry></qtimetadatafield><qtimetadatafield><fieldlabel>original_answer_ids</fieldlabel><fieldentry>f80c275a4c4a2625db3185cef6c1648e7caf261ebe352d71fd0bf775e74f69dc7ad484084c674a4a,3fbeb9f9db72ee76f96922ca7cc735c9f7e0a6b883f0be35bfdef55d6832e3ce005f06cd91613788,da72cd544fd793fd6344c683513448a1fea789d91d45c5cc78c2d226bb83bd1b9b25d69a671599e5,b10ee78a025ecee0aa15f2ecdad8c28fe1dacb85ae467a4583f770e8fe85d6f6f846edd287cc83f8</fieldentry></qtimetadatafield><qtimetadatafield><fieldlabel>assessment_question_identifierref</fieldlabel><fieldentry>2a2a6bbb3926ad5bb8751598c0f7bb37eb5485101617dba29a707e4ecace57b3d15ad6beb69b5651</fieldentry></qtimetadatafield></qtimetadata></itemmetadata><presentation><material><mattext texttype="text/html">What is true about the following hash function? https://gist.github.com/k0src/43b813ffde1e576300d0a9f2518eadf4</mattext></material><response_lid ident="response1" rcardinality="Multiple"><render_choice><response_label ident="f80c275a4c4a2625db3185cef6c1648e7caf261ebe352d71fd0bf775e74f69dc7ad484084c674a4a"><material><mattext texttype="text/html">It ensures uniform key distribution</mattext></material></response_label><response_label ident="3fbeb9f9db72ee76f96922ca7cc735c9f7e0a6b883f0be35bfdef55d6832e3ce005f06cd91613788"><material><mattext texttype="text/html">It is susceptible to collisions</mattext></material></response_label><response_label ident="da72cd544fd793fd6344c683513448a1fea789d91d45c5cc78c2d226bb83bd1b9b25d69a671599e5"><material><mattext texttype="text/html">It guarantees O(1) lookup in all cases</mattext></material></response_label><response_label ident="b10ee78a025ecee0aa15f2ecdad8c28fe1dacb85ae467a4583f770e8fe85d6f6f846edd287cc83f8"><material><mattext texttype="text/html">It works best when size is prime</mattext></material></response_label></render_choice></response_lid></presentation><resprocessing><outcomes><decvar maxvalue="100" minvalue="0" varname="SCORE" vartype="Decimal"/></outcomes><respcondition continue="No"><conditionvar><and><not><varequal respident="response1">f80c275a4c4a2625db3185cef6c1648e7caf261ebe352d71fd0bf775e74f69dc7ad484084c674a4a</varequal></not><varequal respident="response1">3fbeb9f9db72ee76f96922ca7cc735c9f7e0a6b883f0be35bfdef55d6832e3ce005f06cd91613788</varequal><not><varequal respident="response1">da72cd544fd793fd6344c683513448a1fea789d91d45c5cc78c2d226bb83bd1b9b25d69a671599e5</varequal></not><varequal respident="response1">b10ee78a025ecee0aa15f2ecdad8c28fe1dacb85ae467a4583f770e8fe85d6f6f846edd287cc83f8</varequal></and></conditionvar><setvar actoin="Set" varname="SCORE">100</setvar></respcondition></resprocessing></item><item ident="7533ada1358b34ea4dee6deab2e164b9e240b302ca6bf85d8acb59de0b73fafb3499acad7604486c" title="Question"><itemmetadata><qtimetadata><qtimetadatafield><fieldlabel>question_type</fieldlabel><fieldentry>true_false_question</fieldentry></qtimetadatafield><qtimetadatafield><fieldlabel>points_possible</fieldlabel><fieldentry>1</fieldentry></qtimetadatafield><qtimetadatafield><fieldlabel>original_answer_ids</fieldlabel><fieldentry>a48a1afa7eb692441a9f0ec845b8bfe3b4062240f42bcb589339093d59c166b1399425f01f86a0b8,94dde470100ede71573d569a76aa7348136795b3a73b3b701fcda43bd256f61fdaef1c089b8dd323</fieldentry></qtimetadatafield><qtimetadatafield><fieldlabel>assessment_question_identifierref</fieldlabel><fieldentry>c9592d185edd68979ecfbdfa4b8e78b84a316ee9a557edf6d669f01d7033a7f0f6c95971f77fd5cd</fieldentry></qtimetadatafield></qtimetadata></itemmetadata><presentation><material><mattext texttype="text/html">True or False: In hash tables that use open addressing, linear probing resolves collisions without using any additional data structures, such as linked lists.</mattext></material><response_lid ident="response1" rcardinality="Single"><render_choice><response_label ident="a48a1afa7eb692441a9f0ec845b8bfe3b4062240f42bcb589339093d59c166b1399425f01f86a0b8"><material><mattext texttype="text/html">True</mattext></material></response_label><response_label ident="94dde470100ede71573d569a76aa7348136795b3a73b3b701fcda43bd256f61fdaef1c089b8dd323"><material><mattext texttype="text/html">False</mattext></material></response_label></render_choice></response_lid></presentation><resprocessing><outcomes><decvar maxvalue="100" minvalue="0" varname="SCORE" vartype="Decimal"/></outcomes><respcondition continue="No"><conditionvar><varequal respident="response1">a48a1afa7eb692441a9f0ec845b8bfe3b4062240f42bcb589339093d59c166b1399425f01f86a0b8</varequal></conditionvar><setvar actoin="Set" varname="SCORE">100</setvar></respcondition></resprocessing></item><item ident="e7560a78202c7e5797060be1805394e1651ecadcc64a78c89c2a9ce762159d9c263428d2955a4dba" title="Question"><itemmetadata><qtimetadata><qtimetadatafield><fieldlabel>question_type</fieldlabel><fieldentry>multiple_answers_question</fieldentry></qtimetadatafield><qtimetadatafield><fieldlabel>points_possible</fieldlabel><fieldentry>1</fieldentry></qtimetadatafield><qtimetadatafield><fieldlabel>original_answer_ids</fieldlabel><fieldentry>fb9ed546dcc9203de8ee84859d194a39f0d6afad0dfe0899c8aafeafe62df94c1183c9450a6a07c3,e5b9a1ddcf9939c9149c2531e242e69e05d6c68c7131c72cf2823d51d008aa6e25e49be1b96527c1,0a8b5b51a3e64c12a94cb45968a23684a21d464f30d3cb4603b7f8457a9ae51a7081a4d355758f8e,6683a45e0a5b9cef1151f9d79ac3ec8941f66bcdad2f18ee4373b50be85e642431fa33d002bf4f11</fieldentry></qtimetadatafield><qtimetadatafield><fieldlabel>assessment_question_identifierref</fieldlabel><fieldentry>ecc35ee3e9d84090cb26b4506c86bd250c1f1b46d28478e67fa0c04f948b64b0684bdec9d299d71a</fieldentry></qtimetadatafield></qtimetadata></itemmetadata><presentation><material><mattext texttype="text/html">The following function inserts an item into a max heap. Which lines are incorrect (if any)? https://gist.github.com/k0src/43b813ffde1e576300d0a9f2518eadf4</mattext></material><response_lid ident="response1" rcardinality="Multiple"><render_choice><response_label ident="fb9ed546dcc9203de8ee84859d194a39f0d6afad0dfe0899c8aafeafe62df94c1183c9450a6a07c3"><material><mattext texttype="text/html">int i = array.size();</mattext></material></response_label><response_label ident="e5b9a1ddcf9939c9149c2531e242e69e05d6c68c7131c72cf2823d51d008aa6e25e49be1b96527c1"><material><mattext texttype="text/html">while (array[i] &gt; array[(i - 1) / 2])</mattext></material></response_label><response_label ident="0a8b5b51a3e64c12a94cb45968a23684a21d464f30d3cb4603b7f8457a9ae51a7081a4d355758f8e"><material><mattext texttype="text/html">std::swap(array[i], array[(i - 1) / 2]);</mattext></material></response_label><response_label ident="6683a45e0a5b9cef1151f9d79ac3ec8941f66bcdad2f18ee4373b50be85e642431fa33d002bf4f11"><material><mattext texttype="text/html">i = (i - 1) / 2;</mattext></material></response_label></render_choice></response_lid></presentation><resprocessing><outcomes><decvar maxvalue="100" minvalue="0" varname="SCORE" vartype="Decimal"/></outcomes><respcondition continue="No"><conditionvar><and><varequal respident="response1">fb9ed546dcc9203de8ee84859d194a39f0d6afad0dfe0899c8aafeafe62df94c1183c9450a6a07c3</varequal><varequal respident="response1">e5b9a1ddcf9939c9149c2531e242e69e05d6c68c7131c72cf2823d51d008aa6e25e49be1b96527c1</varequal><not><varequal respident="response1">0a8b5b51a3e64c12a94cb45968a23684a21d464f30d3cb4603b7f8457a9ae51a7081a4d355758f8e</varequal></not><not><varequal respident="response1">6683a45e0a5b9cef1151f9d79ac3ec8941f66bcdad2f18ee4373b50be85e642431fa33d002bf4f11</varequal></not></and></conditionvar><setvar actoin="Set" varname="SCORE">100</setvar></respcondition></resprocessing></item><item ident="f34451565675d00c27fd293e7a4fe2017b6dee22d4916800ca126a63adcfd849f89e4680c5677e9a" title="Question"><itemmetadata><qtimetadata><qtimetadatafield><fieldlabel>question_type</fieldlabel><fieldentry>multiple_choice_question</fieldentry></qtimetadatafield><qtimetadatafield><fieldlabel>points_possible</fieldlabel><fieldentry>1</fieldentry></qtimetadatafield><qtimetadatafield><fieldlabel>original_answer_ids</fieldlabel><fieldentry>05b0e245631641e4b2ce2937c13d5b682bfed0bc0efe46275dfbb1a5788a3cdafd1e9ae68a2792a8,4b63f0eb79c61b44d7f1b83f481eca4637463784edf0b92256a7639a43d071979bbf9c2bbb9ff76f,0716c67d42540096c0eb6c111ecd54a3c2e3a64f2f2f463298510c53658342728378c4d1704e005a,72478265191f3c46fb3df55d15708eddb8e803a02e937e7b2a303a7dc2bf25ed2f87c1cd5dc98bee</fieldentry></qtimetadatafield><qtimetadatafield><fieldlabel>assessment_question_identifierref</fieldlabel><fieldentry>6c743c96f541f0b4b3f1faaade153bdbad9931927b37b32bcc71d40f263b420d5633dee774c661fa</fieldentry></qtimetadatafield></qtimetadata></itemmetadata><presentation><material><mattext texttype="text/html">Given a max heap represented as an array: [45, 32, 30, 15, 20, 25]. Insert the element 35 into the heap. What is the new array representation after restoring the heap property?</mattext></material><response_lid ident="response1" rcardinality="Single"><render_choice><response_label ident="05b0e245631641e4b2ce2937c13d5b682bfed0bc0efe46275dfbb1a5788a3cdafd1e9ae68a2792a8"><material><mattext texttype="text/html">[45, 35, 30, 15, 20, 25, 32]</mattext></material></response_label><response_label ident="4b63f0eb79c61b44d7f1b83f481eca4637463784edf0b92256a7639a43d071979bbf9c2bbb9ff76f"><material><mattext texttype="text/html">[45, 32, 35, 15, 20, 25, 30]</mattext></material></response_label><response_label ident="0716c67d42540096c0eb6c111ecd54a3c2e3a64f2f2f463298510c53658342728378c4d1704e005a"><material><mattext texttype="text/html">[35, 45, 30, 15, 20, 25, 32]</mattext></material></response_label><response_label ident="72478265191f3c46fb3df55d15708eddb8e803a02e937e7b2a303a7dc2bf25ed2f87c1cd5dc98bee"><material><mattext texttype="text/html">[45, 32, 30, 15, 20, 25, 35]</mattext></material></response_label></render_choice></response_lid></presentation><resprocessing><outcomes><decvar maxvalue="100" minvalue="0" varname="SCORE" vartype="Decimal"/></outcomes><respcondition continue="No"><conditionvar><varequal respident="response1">4b63f0eb79c61b44d7f1b83f481eca4637463784edf0b92256a7639a43d071979bbf9c2bbb9ff76f</varequal></conditionvar><setvar actoin="Set" varname="SCORE">100</setvar></respcondition></resprocessing></item><item ident="4e3ccda940bf6ca0d2d76454d05b11903b82180bbf5a4de63e62711c481440874cd8f2a79f002221" title="Question"><itemmetadata><qtimetadata><qtimetadatafield><fieldlabel>question_type</fieldlabel><fieldentry>short_answer_question</fieldentry></qtimetadatafield><qtimetadatafield><fieldlabel>points_possible</fieldlabel><fieldentry>1</fieldentry></qtimetadatafield><qtimetadatafield><fieldlabel>original_answer_ids</fieldlabel><fieldentry>a81ec40e1c916ccb88db5e5a4110edc3f51bb57fca236872aef3c6d5eaf1eefa229b0b944264dc54,f12a627c35979bf5c4395dbca435e3395578c623f80a3778832ba0c87293b5e35d1f93c6ecc34b25</fieldentry></qtimetadatafield><qtimetadatafield><fieldlabel>assessment_question_identifierref</fieldlabel><fieldentry>da738c717357f976682371293364f8c3c1e9e1afb1dfe316569500323367c3dfab394d27724ea253</fieldentry></qtimetadatafield></qtimetadata></itemmetadata><presentation><material><mattext texttype="text/html">The process of resolving key collisions in a hash table using linked lists is called ____.</mattext></material><response_str ident="response1" rcardinality="Single"><render_fib><response_label ident="answer1" rshuffle="No"/></render_fib></response_str></presentation><resprocessing><outcomes><decvar maxvalue="100" minvalue="0" varname="SCORE" vartype="Decimal"/></outcomes><respcondition continue="No"><conditionvar><varequal respident="response1">Chaining</varequal><varequal respident="response1">chaining</varequal></conditionvar><setvar actoin="Set" varname="SCORE">100</setvar></respcondition></resprocessing></item><item ident="d5101abd0dbc0a35b1b59b9110dd97464e79b5d4c75e55dfad97e34c6534ac7b003c98f5ff9fe351" title="Question"><itemmetadata><qtimetadata><qtimetadatafield><fieldlabel>question_type</fieldlabel><fieldentry>multiple_answers_question</fieldentry></qtimetadatafield><qtimetadatafield><fieldlabel>points_possible</fieldlabel><fieldentry>1</fieldentry></qtimetadatafield><qtimetadatafield><fieldlabel>original_answer_ids</fieldlabel><fieldentry>8ba3a2d9ae5152e3bbf58182c4132c100b1c545d80685f9c99ad1e7485a3101cc52261a12424bd3d,e417878823c5507e64301daaec6c17cf7e21ee157194fa2d0f7ae388515bad200af1d154635383b3,0d9ebb2562a49b9d1ee9aa3b1b25c6fcd64b65457bc6192b09b919ba91294759ae50ae152736f9e9,799648b9e656a0ab56395821d8916ab8baaa9905c96adef219d83c8515b0a479a4f9cbf6a9656e66</fieldentry></qtimetadatafield><qtimetadatafield><fieldlabel>assessment_question_identifierref</fieldlabel><fieldentry>385e2c8477a8197504b9d08fc3e1b29760023db0fde1717e49f6b25f5a489bf4117d6ec305fe9e7a</fieldentry></qtimetadatafield></qtimetadata></itemmetadata><presentation><material><mattext texttype="text/html">Which sorting algorithms have an average time complexity of O(n log n)? (Select all that apply)</mattext></material><response_lid ident="response1" rcardinality="Multiple"><render_choice><response_label ident="8ba3a2d9ae5152e3bbf58182c4132c100b1c545d80685f9c99ad1e7485a3101cc52261a12424bd3d"><material><mattext texttype="text/html">Merge Sort</mattext></material></response_label><response_label ident="e417878823c5507e64301daaec6c17cf7e21ee157194fa2d0f7ae388515bad200af1d154635383b3"><material><mattext texttype="text/html">Quick Sort</mattext></material></response_label><response_label ident="0d9ebb2562a49b9d1ee9aa3b1b25c6fcd64b65457bc6192b09b919ba91294759ae50ae152736f9e9"><material><mattext texttype="text/html">Heap Sort</mattext></material></response_label><response_label ident="799648b9e656a0ab56395821d8916ab8baaa9905c96adef219d83c8515b0a479a4f9cbf6a9656e66"><material><mattext texttype="text/html">Counting Sort</mattext></material></response_label></render_choice></response_lid></presentation><resprocessing><outcomes><decvar maxvalue="100" minvalue="0" varname="SCORE" vartype="Decimal"/></outcomes><respcondition continue="No"><conditionvar><and><varequal respident="response1">8ba3a2d9ae5152e3bbf58182c4132c100b1c545d80685f9c99ad1e7485a3101cc52261a12424bd3d</varequal><varequal respident="response1">e417878823c5507e64301daaec6c17cf7e21ee157194fa2d0f7ae388515bad200af1d154635383b3</varequal><varequal respident="response1">0d9ebb2562a49b9d1ee9aa3b1b25c6fcd64b65457bc6192b09b919ba91294759ae50ae152736f9e9</varequal><not><varequal respident="response1">799648b9e656a0ab56395821d8916ab8baaa9905c96adef219d83c8515b0a479a4f9cbf6a9656e66</varequal></not></and></conditionvar><setvar actoin="Set" varname="SCORE">100</setvar></respcondition></resprocessing></item><item ident="2387181faff61b7f86ccd32582ab7b4ec31997aee483f124522047bd3f41533978aa48de7feb0e9a" title="Question"><itemmetadata><qtimetadata><qtimetadatafield><fieldlabel>question_type</fieldlabel><fieldentry>multiple_answers_question</fieldentry></qtimetadatafield><qtimetadatafield><fieldlabel>points_possible</fieldlabel><fieldentry>1</fieldentry></qtimetadatafield><qtimetadatafield><fieldlabel>original_answer_ids</fieldlabel><fieldentry>f49fcb414d619fcfaa2cc0580e344111c10d1fdc423e4d808e529e4a76f401ae812012be03a97026,dcfcc3e7fc542c552a573b0797f9ba8f27b986022c16ae13c82ae4115f8a7f0c79fa9be32cb3685c,e3bf6cee1a3b2720cf1b5fbafda95e086e6077e46567abca9ee67e51999215597a21fbc6bad25c2e,4960abe4ff5432208c9f26f5234f95baff7b3563ff34210192e5e880b62b4bdbfb8b738cf87a2360</fieldentry></qtimetadatafield><qtimetadatafield><fieldlabel>assessment_question_identifierref</fieldlabel><fieldentry>7eb901c8839bbd045f956c1383511454d61dc973cfa5a7f854dd0627d84942eb206230b11daf1d4b</fieldentry></qtimetadatafield></qtimetadata></itemmetadata><presentation><material><mattext texttype="text/html">The following code snippet shows an implementation of the Quick Sort algorithm. Assuming the partition function is implemented correctly, which lines are incorrect (if any)? https://gist.github.com/k0src/43b813ffde1e576300d0a9f2518eadf4</mattext></material><response_lid ident="response1" rcardinality="Multiple"><render_choice><response_label ident="f49fcb414d619fcfaa2cc0580e344111c10d1fdc423e4d808e529e4a76f401ae812012be03a97026"><material><mattext texttype="text/html">if (low &lt; high)</mattext></material></response_label><response_label ident="dcfcc3e7fc542c552a573b0797f9ba8f27b986022c16ae13c82ae4115f8a7f0c79fa9be32cb3685c"><material><mattext texttype="text/html">int pi = partitionH(arr, low, high);</mattext></material></response_label><response_label ident="e3bf6cee1a3b2720cf1b5fbafda95e086e6077e46567abca9ee67e51999215597a21fbc6bad25c2e"><material><mattext texttype="text/html">quickSort(arr, low, pi);</mattext></material></response_label><response_label ident="4960abe4ff5432208c9f26f5234f95baff7b3563ff34210192e5e880b62b4bdbfb8b738cf87a2360"><material><mattext texttype="text/html">quickSort(arr, pi, high);</mattext></material></response_label></render_choice></response_lid></presentation><resprocessing><outcomes><decvar maxvalue="100" minvalue="0" varname="SCORE" vartype="Decimal"/></outcomes><respcondition continue="No"><conditionvar><and><not><varequal respident="response1">f49fcb414d619fcfaa2cc0580e344111c10d1fdc423e4d808e529e4a76f401ae812012be03a97026</varequal></not><not><varequal respident="response1">dcfcc3e7fc542c552a573b0797f9ba8f27b986022c16ae13c82ae4115f8a7f0c79fa9be32cb3685c</varequal></not><not><varequal respident="response1">e3bf6cee1a3b2720cf1b5fbafda95e086e6077e46567abca9ee67e51999215597a21fbc6bad25c2e</varequal></not><varequal respident="response1">4960abe4ff5432208c9f26f5234f95baff7b3563ff34210192e5e880b62b4bdbfb8b738cf87a2360</varequal></and></conditionvar><setvar actoin="Set" varname="SCORE">100</setvar></respcondition></resprocessing></item><item ident="ce7dcc04444d2c68c7468b0bea8869ac902e12f7feaf33cac6e2ef7ef1acf5f8d9593e5031dcd091" title="Question"><itemmetadata><qtimetadata><qtimetadatafield><fieldlabel>question_type</fieldlabel><fieldentry>multiple_answers_question</fieldentry></qtimetadatafield><qtimetadatafield><fieldlabel>points_possible</fieldlabel><fieldentry>1</fieldentry></qtimetadatafield><qtimetadatafield><fieldlabel>original_answer_ids</fieldlabel><fieldentry>eda8582d57aae4d8114f23ebcdbdac883e5114725a27f6611e14439b5a6ef3cd4abfb46a1f2def7f,1be1d94aae2ca9f15a8b5db8957a995afc5c650a73df1a1cc5494a93fc7c2f5f7ab39f675560fe5d,1dbb751f331b35c313951e583278e4e8ef75941cb76abe7ff0832778a99b239b099ab60d10a808c9,d703090f25619501b6406d7359251c08517929dbd5a9856a45b26b226c6e2bc798c91b540a70bb68</fieldentry></qtimetadatafield><qtimetadatafield><fieldlabel>assessment_question_identifierref</fieldlabel><fieldentry>5661ee2f8f84e4489d0ca2b780a206cb4df0ecba1cdc98f73623ccc5c0fbdfd04e6a70b094c66374</fieldentry></qtimetadatafield></qtimetadata></itemmetadata><presentation><material><mattext texttype="text/html">Which of the following are true about AVL trees? (Select all that apply)</mattext></material><response_lid ident="response1" rcardinality="Multiple"><render_choice><response_label ident="eda8582d57aae4d8114f23ebcdbdac883e5114725a27f6611e14439b5a6ef3cd4abfb46a1f2def7f"><material><mattext texttype="text/html">They are always height-balanced.</mattext></material></response_label><response_label ident="1be1d94aae2ca9f15a8b5db8957a995afc5c650a73df1a1cc5494a93fc7c2f5f7ab39f675560fe5d"><material><mattext texttype="text/html">They may become unbalanced after insertions.</mattext></material></response_label><response_label ident="1dbb751f331b35c313951e583278e4e8ef75941cb76abe7ff0832778a99b239b099ab60d10a808c9"><material><mattext texttype="text/html">They require rebalancing operations after insertions and deletions.</mattext></material></response_label><response_label ident="d703090f25619501b6406d7359251c08517929dbd5a9856a45b26b226c6e2bc798c91b540a70bb68"><material><mattext texttype="text/html">They guarantee O(1) time complexity for search.</mattext></material></response_label></render_choice></response_lid></presentation><resprocessing><outcomes><decvar maxvalue="100" minvalue="0" varname="SCORE" vartype="Decimal"/></outcomes><respcondition continue="No"><conditionvar><and><varequal respident="response1">eda8582d57aae4d8114f23ebcdbdac883e5114725a27f6611e14439b5a6ef3cd4abfb46a1f2def7f</varequal><varequal respident="response1">1be1d94aae2ca9f15a8b5db8957a995afc5c650a73df1a1cc5494a93fc7c2f5f7ab39f675560fe5d</varequal><varequal respident="response1">1dbb751f331b35c313951e583278e4e8ef75941cb76abe7ff0832778a99b239b099ab60d10a808c9</varequal><not><varequal respident="response1">d703090f25619501b6406d7359251c08517929dbd5a9856a45b26b226c6e2bc798c91b540a70bb68</varequal></not></and></conditionvar><setvar actoin="Set" varname="SCORE">100</setvar></respcondition></resprocessing></item><item ident="e5f9945133b4f1ab411cd72628b1a4cb9f05a2f265ad445f4f52eca4dfb82407eef2f2031cb6effd" title="Question"><itemmetadata><qtimetadata><qtimetadatafield><fieldlabel>question_type</fieldlabel><fieldentry>short_answer_question</fieldentry></qtimetadatafield><qtimetadatafield><fieldlabel>points_possible</fieldlabel><fieldentry>1</fieldentry></qtimetadatafield><qtimetadatafield><fieldlabel>original_answer_ids</fieldlabel><fieldentry>5c7e5567c310c2fb85fe2a68e70aa996ce9ebb129786e353335ab7010425b941c16db6bed97b8430</fieldentry></qtimetadatafield><qtimetadatafield><fieldlabel>assessment_question_identifierref</fieldlabel><fieldentry>fa00f37b1f8c26761b1423d91808d5b65691a8213d6b9e072b7b06f3d162410d179cda8216e99ee8</fieldentry></qtimetadatafield></qtimetadata></itemmetadata><presentation><material><mattext texttype="text/html">In a postfix expression, the operator follows the _______.</mattext></material><response_str ident="response1" rcardinality="Single"><render_fib><response_label ident="answer1" rshuffle="No"/></render_fib></response_str></presentation><resprocessing><outcomes><decvar maxvalue="100" minvalue="0" varname="SCORE" vartype="Decimal"/></outcomes><respcondition continue="No"><conditionvar><varequal respident="response1">operands</varequal></conditionvar><setvar actoin="Set" varname="SCORE">100</setvar></respcondition></resprocessing></item><item ident="cd1205aa576ad1f2139e8964d010db014c60a214df5dd1aa6390f60754dd34bb180bd468379a8553" title="Question"><itemmetadata><qtimetadata><qtimetadatafield><fieldlabel>question_type</fieldlabel><fieldentry>true_false_question</fieldentry></qtimetadatafield><qtimetadatafield><fieldlabel>points_possible</fieldlabel><fieldentry>1</fieldentry></qtimetadatafield><qtimetadatafield><fieldlabel>original_answer_ids</fieldlabel><fieldentry>36b0fe4cf6d20f19445725e4f40e31accfe84804aee10a719f11b04d734474d2bdb0b4621e50c767,95082ccc9bb08bbccfb47f8a50540f3302db679d3493f206c502cbddfd53de63612f0c5ccf641f22</fieldentry></qtimetadatafield><qtimetadatafield><fieldlabel>assessment_question_identifierref</fieldlabel><fieldentry>f038558ace9fd8569df15e26324738b033683bbafb72fdb40d16db269c6cb4d69297f6b963be8d94</fieldentry></qtimetadatafield></qtimetadata></itemmetadata><presentation><material><mattext texttype="text/html">True or False: This function correctly merges two sorted arrays. https://gist.github.com/k0src/43b813ffde1e576300d0a9f2518eadf4</mattext></material><response_lid ident="response1" rcardinality="Single"><render_choice><response_label ident="36b0fe4cf6d20f19445725e4f40e31accfe84804aee10a719f11b04d734474d2bdb0b4621e50c767"><material><mattext texttype="text/html">True</mattext></material></response_label><response_label ident="95082ccc9bb08bbccfb47f8a50540f3302db679d3493f206c502cbddfd53de63612f0c5ccf641f22"><material><mattext texttype="text/html">False</mattext></material></response_label></render_choice></response_lid></presentation><resprocessing><outcomes><decvar maxvalue="100" minvalue="0" varname="SCORE" vartype="Decimal"/></outcomes><respcondition continue="No"><conditionvar><varequal respident="response1">95082ccc9bb08bbccfb47f8a50540f3302db679d3493f206c502cbddfd53de63612f0c5ccf641f22</varequal></conditionvar><setvar actoin="Set" varname="SCORE">100</setvar></respcondition></resprocessing></item><item ident="7d4323b96f4737f169ee53324a63338c06581e3d16d70725047d107b81fc13d194ee0555a7d1298b" title="Question"><itemmetadata><qtimetadata><qtimetadatafield><fieldlabel>question_type</fieldlabel><fieldentry>multiple_answers_question</fieldentry></qtimetadatafield><qtimetadatafield><fieldlabel>points_possible</fieldlabel><fieldentry>1</fieldentry></qtimetadatafield><qtimetadatafield><fieldlabel>original_answer_ids</fieldlabel><fieldentry>2a7c479c77536b4311c9d3392cb2d11210e6ea9ebf6a00e9118fa859c585ed203f80111d4f2fb579,ce65efbeef8c8af9e2041ae10c4e44b43a199fc30afcfa48524129953fd1fb91784e9fb2d7bb95ac,8ad60a03a8bdcc5bc6c8ddcd16e322ae32a1a12be7d5ddb7fda93dbfca5ae36a753a3bf9c5887190,3ccd59aba2387a0689d37024679753c7c0ea32fc7dcd5aa569b57b4a8151c29e0aabd6b7424788db,d39f0b624dee7b5321bf372a513b601ba27708a63289127cb3011367bb8e66a155b292d27fcd1398,73a55c6ac1130867798e078897c7dc974dc5c935f46b13fc95210be97c6c88430a42e7b7ce59f734,5d001f7e368ce9257048d84f3bbf741a4857e8ffe9ee7416b2a3469e70d9b799abf3305d11db7e3e,12d29bba99f673852600be19f313be6b0c197fa5d363b7e4511911311af5f7fd873f2cdbb4c7acba,0d290af10dd7db2d0a56d0b944e2a414ae720d64f56550557a93f8f13a9c02c30c6673bc5c36c3fb,691196d33e3ec049b4f6f33f80879d07eeb35d2ab99b309de9174a4ef34d72bdb691855fc1076962</fieldentry></qtimetadatafield><qtimetadatafield><fieldlabel>assessment_question_identifierref</fieldlabel><fieldentry>956b7236628b1cd33765c4b17dc642e9d682684fc3de7cf9bab63614ce44471a3cec240ffe32b7a0</fieldentry></qtimetadatafield></qtimetadata></itemmetadata><presentation><material><mattext texttype="text/html">Rate this Quiz done by Group #40. Select one option only.</mattext></material><response_lid ident="response1" rcardinality="Multiple"><render_choice><response_label ident="2a7c479c77536b4311c9d3392cb2d11210e6ea9ebf6a00e9118fa859c585ed203f80111d4f2fb579"><material><mattext texttype="text/html">1</mattext></material></response_label><response_label ident="ce65efbeef8c8af9e2041ae10c4e44b43a199fc30afcfa48524129953fd1fb91784e9fb2d7bb95ac"><material><mattext texttype="text/html">2</mattext></material></response_label><response_label ident="8ad60a03a8bdcc5bc6c8ddcd16e322ae32a1a12be7d5ddb7fda93dbfca5ae36a753a3bf9c5887190"><material><mattext texttype="text/html">3</mattext></material></response_label><response_label ident="3ccd59aba2387a0689d37024679753c7c0ea32fc7dcd5aa569b57b4a8151c29e0aabd6b7424788db"><material><mattext texttype="text/html">4</mattext></material></response_label><response_label ident="d39f0b624dee7b5321bf372a513b601ba27708a63289127cb3011367bb8e66a155b292d27fcd1398"><material><mattext texttype="text/html">5</mattext></material></response_label><response_label ident="73a55c6ac1130867798e078897c7dc974dc5c935f46b13fc95210be97c6c88430a42e7b7ce59f734"><material><mattext texttype="text/html">6</mattext></material></response_label><response_label ident="5d001f7e368ce9257048d84f3bbf741a4857e8ffe9ee7416b2a3469e70d9b799abf3305d11db7e3e"><material><mattext texttype="text/html">7</mattext></material></response_label><response_label ident="12d29bba99f673852600be19f313be6b0c197fa5d363b7e4511911311af5f7fd873f2cdbb4c7acba"><material><mattext texttype="text/html">8</mattext></material></response_label><response_label ident="0d290af10dd7db2d0a56d0b944e2a414ae720d64f56550557a93f8f13a9c02c30c6673bc5c36c3fb"><material><mattext texttype="text/html">9</mattext></material></response_label><response_label ident="691196d33e3ec049b4f6f33f80879d07eeb35d2ab99b309de9174a4ef34d72bdb691855fc1076962"><material><mattext texttype="text/html">10</mattext></material></response_label></render_choice></response_lid></presentation><resprocessing><outcomes><decvar maxvalue="100" minvalue="0" varname="SCORE" vartype="Decimal"/></outcomes><respcondition continue="No"><conditionvar><and><varequal respident="response1">2a7c479c77536b4311c9d3392cb2d11210e6ea9ebf6a00e9118fa859c585ed203f80111d4f2fb579</varequal><varequal respident="response1">ce65efbeef8c8af9e2041ae10c4e44b43a199fc30afcfa48524129953fd1fb91784e9fb2d7bb95ac</varequal><varequal respident="response1">8ad60a03a8bdcc5bc6c8ddcd16e322ae32a1a12be7d5ddb7fda93dbfca5ae36a753a3bf9c5887190</varequal><varequal respident="response1">3ccd59aba2387a0689d37024679753c7c0ea32fc7dcd5aa569b57b4a8151c29e0aabd6b7424788db</varequal><varequal respident="response1">d39f0b624dee7b5321bf372a513b601ba27708a63289127cb3011367bb8e66a155b292d27fcd1398</varequal><varequal respident="response1">73a55c6ac1130867798e078897c7dc974dc5c935f46b13fc95210be97c6c88430a42e7b7ce59f734</varequal><varequal respident="response1">5d001f7e368ce9257048d84f3bbf741a4857e8ffe9ee7416b2a3469e70d9b799abf3305d11db7e3e</varequal><varequal respident="response1">12d29bba99f673852600be19f313be6b0c197fa5d363b7e4511911311af5f7fd873f2cdbb4c7acba</varequal><varequal respident="response1">0d290af10dd7db2d0a56d0b944e2a414ae720d64f56550557a93f8f13a9c02c30c6673bc5c36c3fb</varequal><varequal respident="response1">691196d33e3ec049b4f6f33f80879d07eeb35d2ab99b309de9174a4ef34d72bdb691855fc1076962</varequal></and></conditionvar><setvar actoin="Set" varname="SCORE">100</setvar></respcondition></resprocessing></item></section></assessment></questestinterop>
