<?xml version="1.0" encoding="UTF-8"?>
<questestinterop xmlns="http://www.imsglobal.org/xsd/ims_qtiasiv1p2" xmlns:xsi="http://www.w3.org/2001/XMLSchema-instance" xsi:schemaLocation="http://www.imsglobal.org/xsd/ims_qtiasiv1p2 http://www.imsglobal.org/xsd/ims_qtiasiv1p2p1.xsd"><assessment ident="d2dd6524f920ad44f9ab5e986489e703020e95ee45d784a611a729f517c03e5f74ac0e2a3b02fa1b" title="CIA 3 Group 40"><qtimetadata><qtimetadatafield><fieldlabel>cc_maxattempts</fieldlabel><fieldentry>1</fieldentry></qtimetadatafield></qtimetadata><section ident="root_section"><item ident="221fba4b0afe592795c938e438741007634b41f2ea4c7468832147659318f04b750bc698839766d2" title="Question"><itemmetadata><qtimetadata><qtimetadatafield><fieldlabel>question_type</fieldlabel><fieldentry>multiple_answers_question</fieldentry></qtimetadatafield><qtimetadatafield><fieldlabel>points_possible</fieldlabel><fieldentry>1</fieldentry></qtimetadatafield><qtimetadatafield><fieldlabel>original_answer_ids</fieldlabel><fieldentry>cfd071ac62d70139c0753fe688ac375684dd61f954706c14ba0db4b5f5030cc572a999707e1aba3d,fde52541a91fbf6057e26a5a0a87f41976d1ac91f4d58787a30adf7badb07346bf1b1b8ba2c9afc2,84d0c0ce62b79197b8b58ea311ac201fc4db72bdd66fdeeaa02cbacfccad97f2ca3bdc9b419bf3d9,4c78cd7cc800f16a2d1df63f1b348173cbb5c76aa91583b88d8655c8d9439b6020d9fcadc1d64043</fieldentry></qtimetadatafield><qtimetadatafield><fieldlabel>assessment_question_identifierref</fieldlabel><fieldentry>41b7294365fc7039474acdcfd6a30dffd03ad1aded4e3d19a8f5fdaec8f4baa1ac9f3beb0736a70d</fieldentry></qtimetadatafield></qtimetadata></itemmetadata><presentation><material><mattext texttype="text/html">Which of the following statements about AVL Trees are true? (Select all that apply.)</mattext></material><response_lid ident="response1" rcardinality="Multiple"><render_choice><response_label ident="cfd071ac62d70139c0753fe688ac375684dd61f954706c14ba0db4b5f5030cc572a999707e1aba3d"><material><mattext texttype="text/html">An AVL Tree ensures that the height difference between the left and right subtrees of any node is at most 1.</mattext></material></response_label><response_label ident="fde52541a91fbf6057e26a5a0a87f41976d1ac91f4d58787a30adf7badb07346bf1b1b8ba2c9afc2"><material><mattext texttype="text/html">After an insertion, at most two rotations are needed to restore the AVL balance property.</mattext></material></response_label><response_label ident="84d0c0ce62b79197b8b58ea311ac201fc4db72bdd66fdeeaa02cbacfccad97f2ca3bdc9b419bf3d9"><material><mattext texttype="text/html">A left-left imbalance requires a left rotation to restore balance.</mattext></material></response_label><response_label ident="4c78cd7cc800f16a2d1df63f1b348173cbb5c76aa91583b88d8655c8d9439b6020d9fcadc1d64043"><material><mattext texttype="text/html">The worst-case time complexity of inserting a node into an AVL Tree is O(log n).</mattext></material></response_label></render_choice></response_lid></presentation><resprocessing><outcomes><decvar maxvalue="100" minvalue="0" varname="SCORE" vartype="Decimal"/></outcomes><respcondition continue="No"><conditionvar><and><varequal respident="response1">cfd071ac62d70139c0753fe688ac375684dd61f954706c14ba0db4b5f5030cc572a999707e1aba3d</varequal><varequal respident="response1">fde52541a91fbf6057e26a5a0a87f41976d1ac91f4d58787a30adf7badb07346bf1b1b8ba2c9afc2</varequal><not><varequal respident="response1">84d0c0ce62b79197b8b58ea311ac201fc4db72bdd66fdeeaa02cbacfccad97f2ca3bdc9b419bf3d9</varequal></not><varequal respident="response1">4c78cd7cc800f16a2d1df63f1b348173cbb5c76aa91583b88d8655c8d9439b6020d9fcadc1d64043</varequal></and></conditionvar><setvar actoin="Set" varname="SCORE">100</setvar></respcondition></resprocessing></item><item ident="a8106f1fea8ba10b50d9433ff3a43b0be0718b5d3095d6532a0edbecb5e95df55c4f8385ce1e590f" title="Question"><itemmetadata><qtimetadata><qtimetadatafield><fieldlabel>question_type</fieldlabel><fieldentry>multiple_choice_question</fieldentry></qtimetadatafield><qtimetadatafield><fieldlabel>points_possible</fieldlabel><fieldentry>1</fieldentry></qtimetadatafield><qtimetadatafield><fieldlabel>original_answer_ids</fieldlabel><fieldentry>de8868e87a9098147396ecc964dcdd68cea655d771aec5300637b00f9c6823fba8e6038f0b52f899,cc08fcbe0528c281205bd57564b9345fd01bb36b19a501dc0aafc80fac59d38ea392024d5800abb3,827e1ea3b4382ca8b5b287943d0ea1bf750a5d626870ae8ddf912fd337188a5a212dd56fdf73bf22,1253e6d0260b6d94ff093ba317b03bee3ff6d1a8b91f02c3bc1292231ff40ce61ff1cc46ad47b9b2</fieldentry></qtimetadatafield><qtimetadatafield><fieldlabel>assessment_question_identifierref</fieldlabel><fieldentry>69d1d885fc1679bde6b83d48a1fde2e3afe318822fb877b856d4e63adcb3ca58359934403658b833</fieldentry></qtimetadatafield></qtimetadata></itemmetadata><presentation><material><mattext texttype="text/html">Which option represents the MST of the following graph? (https://gist.github.com/k0src/1335fefab4cd3854f7ad050f07cf14a2)</mattext></material><response_lid ident="response1" rcardinality="Single"><render_choice><response_label ident="de8868e87a9098147396ecc964dcdd68cea655d771aec5300637b00f9c6823fba8e6038f0b52f899"><material><mattext texttype="text/html">a</mattext></material></response_label><response_label ident="cc08fcbe0528c281205bd57564b9345fd01bb36b19a501dc0aafc80fac59d38ea392024d5800abb3"><material><mattext texttype="text/html">b</mattext></material></response_label><response_label ident="827e1ea3b4382ca8b5b287943d0ea1bf750a5d626870ae8ddf912fd337188a5a212dd56fdf73bf22"><material><mattext texttype="text/html">c</mattext></material></response_label><response_label ident="1253e6d0260b6d94ff093ba317b03bee3ff6d1a8b91f02c3bc1292231ff40ce61ff1cc46ad47b9b2"><material><mattext texttype="text/html">d</mattext></material></response_label></render_choice></response_lid></presentation><resprocessing><outcomes><decvar maxvalue="100" minvalue="0" varname="SCORE" vartype="Decimal"/></outcomes><respcondition continue="No"><conditionvar><varequal respident="response1">827e1ea3b4382ca8b5b287943d0ea1bf750a5d626870ae8ddf912fd337188a5a212dd56fdf73bf22</varequal></conditionvar><setvar actoin="Set" varname="SCORE">100</setvar></respcondition></resprocessing></item><item ident="f524714b48de89b94fe1fb6a3df672ba63d78c3ad98e3235bfe61a677d97aa98a6d495b7793b084f" title="Question"><itemmetadata><qtimetadata><qtimetadatafield><fieldlabel>question_type</fieldlabel><fieldentry>short_answer_question</fieldentry></qtimetadatafield><qtimetadatafield><fieldlabel>points_possible</fieldlabel><fieldentry>1</fieldentry></qtimetadatafield><qtimetadatafield><fieldlabel>original_answer_ids</fieldlabel><fieldentry>f1d4d73dc8020d87801c5da67ef8732af1aeb9f031a8162ec75393f02378638710e75a843da2b1da,32d92e35ad418bb53832a57f7e92dc801f6517e72e803f30698821db090ef7eca959d0254ca62a96</fieldentry></qtimetadatafield><qtimetadatafield><fieldlabel>assessment_question_identifierref</fieldlabel><fieldentry>0297e074511f0bee74b350d8e5b91ec4f1feb962b9d9841d70ebfdce88982162d9add09dc26389c0</fieldentry></qtimetadatafield></qtimetadata></itemmetadata><presentation><material><mattext texttype="text/html">Kruskal's Algorithm uses a _____-find data structure to detect if adding an edge to the current MST will form a _____? (Your answer should be two words separated by one space)</mattext></material><response_str ident="response1" rcardinality="Single"><render_fib><response_label ident="answer1" rshuffle="No"/></render_fib></response_str></presentation><resprocessing><outcomes><decvar maxvalue="100" minvalue="0" varname="SCORE" vartype="Decimal"/></outcomes><respcondition continue="No"><conditionvar><varequal respident="response1">Union Cycle</varequal><varequal respident="response1">union cycle</varequal></conditionvar><setvar actoin="Set" varname="SCORE">100</setvar></respcondition></resprocessing></item><item ident="6fa824cc4cbbd74a7d6aff44904ef05395f8ad9d337c206c72bf42af068fc963097a93dbfb6c895f" title="Question"><itemmetadata><qtimetadata><qtimetadatafield><fieldlabel>question_type</fieldlabel><fieldentry>multiple_answers_question</fieldentry></qtimetadatafield><qtimetadatafield><fieldlabel>points_possible</fieldlabel><fieldentry>1</fieldentry></qtimetadatafield><qtimetadatafield><fieldlabel>original_answer_ids</fieldlabel><fieldentry>423b0e4a0c678f8c7fd7ff5a3e4afa6168834b845b17cca2de7e50bb7c587d48348c21cc4c4671d2,0e2d41d42f14c936720f4a2eb8f627e28dcdecda162b13abe11675ebdf6ee84afba1e276fda9c03e,f30e5c0b54a01d94c382f40d919e05d2c0dee3f9111b79f2168e85da31858488c81ef9e73e9c650e,1e257a8d2b200b3b7269d7cb4f9451677b9e94fb3d3fa28a6069ef430268f0ce3449fb78fad5cc0e</fieldentry></qtimetadatafield><qtimetadatafield><fieldlabel>assessment_question_identifierref</fieldlabel><fieldentry>c6d701b426ee36f6cf9d020a18d662d99c968931a8ba9194761c2913a3fc9baf439afeb68c66d72e</fieldentry></qtimetadatafield></qtimetadata></itemmetadata><presentation><material><mattext texttype="text/html">Which of the following are advantages of using an adjacency list over an adjacency matrix for representing a graph? (Select all that apply.)</mattext></material><response_lid ident="response1" rcardinality="Multiple"><render_choice><response_label ident="423b0e4a0c678f8c7fd7ff5a3e4afa6168834b845b17cca2de7e50bb7c587d48348c21cc4c4671d2"><material><mattext texttype="text/html">Lower space complexity for sparse graphs</mattext></material></response_label><response_label ident="0e2d41d42f14c936720f4a2eb8f627e28dcdecda162b13abe11675ebdf6ee84afba1e276fda9c03e"><material><mattext texttype="text/html">Faster lookup of edge existence between two vertices</mattext></material></response_label><response_label ident="f30e5c0b54a01d94c382f40d919e05d2c0dee3f9111b79f2168e85da31858488c81ef9e73e9c650e"><material><mattext texttype="text/html">More efficient for adding or removing vertices</mattext></material></response_label><response_label ident="1e257a8d2b200b3b7269d7cb4f9451677b9e94fb3d3fa28a6069ef430268f0ce3449fb78fad5cc0e"><material><mattext texttype="text/html">Better suited for dense graphs</mattext></material></response_label></render_choice></response_lid></presentation><resprocessing><outcomes><decvar maxvalue="100" minvalue="0" varname="SCORE" vartype="Decimal"/></outcomes><respcondition continue="No"><conditionvar><and><varequal respident="response1">423b0e4a0c678f8c7fd7ff5a3e4afa6168834b845b17cca2de7e50bb7c587d48348c21cc4c4671d2</varequal><not><varequal respident="response1">0e2d41d42f14c936720f4a2eb8f627e28dcdecda162b13abe11675ebdf6ee84afba1e276fda9c03e</varequal></not><varequal respident="response1">f30e5c0b54a01d94c382f40d919e05d2c0dee3f9111b79f2168e85da31858488c81ef9e73e9c650e</varequal><not><varequal respident="response1">1e257a8d2b200b3b7269d7cb4f9451677b9e94fb3d3fa28a6069ef430268f0ce3449fb78fad5cc0e</varequal></not></and></conditionvar><setvar actoin="Set" varname="SCORE">100</setvar></respcondition></resprocessing></item><item ident="95e7be1b95883b48050cd47af2f0f97e56533bdfb1349b05cd806862f45802b319505ead4d039b6f" title="Question"><itemmetadata><qtimetadata><qtimetadatafield><fieldlabel>question_type</fieldlabel><fieldentry>multiple_choice_question</fieldentry></qtimetadatafield><qtimetadatafield><fieldlabel>points_possible</fieldlabel><fieldentry>1</fieldentry></qtimetadatafield><qtimetadatafield><fieldlabel>original_answer_ids</fieldlabel><fieldentry>2a0a9bdf0f51e60254c4a3ab62f9572384e51f219552e1856ccfb02ecab3a3073e2cc24a49deff63,3e3bf4495a9d388a0cbbc3cec9f01de537263176b410578d20b9105309818748c50707b2c36dec49,c17de32da1bcc4bb9094cbd0b99b60d8a26f92a4842a56fd45022d78140ae4538267beb8d3cddbb5,bc597f47525ec77e89ef1480bd9428228b60ab57cf4241c82a61c47c5a1fc98b7b1c104427e63a0f</fieldentry></qtimetadatafield><qtimetadatafield><fieldlabel>assessment_question_identifierref</fieldlabel><fieldentry>2a5d01032f1f56cf13fa65716473a6edae0635bb7c1995a477f84a301c50779c57a249ec03daabd6</fieldentry></qtimetadatafield></qtimetadata></itemmetadata><presentation><material><mattext texttype="text/html">Given the Huffman code "101110011000", and the Huffman tree, what is the decoded string? (https://gist.github.com/k0src/1335fefab4cd3854f7ad050f07cf14a2)</mattext></material><response_lid ident="response1" rcardinality="Single"><render_choice><response_label ident="2a0a9bdf0f51e60254c4a3ab62f9572384e51f219552e1856ccfb02ecab3a3073e2cc24a49deff63"><material><mattext texttype="text/html">losses</mattext></material></response_label><response_label ident="3e3bf4495a9d388a0cbbc3cec9f01de537263176b410578d20b9105309818748c50707b2c36dec49"><material><mattext texttype="text/html">lossless</mattext></material></response_label><response_label ident="c17de32da1bcc4bb9094cbd0b99b60d8a26f92a4842a56fd45022d78140ae4538267beb8d3cddbb5"><material><mattext texttype="text/html">loose</mattext></material></response_label><response_label ident="bc597f47525ec77e89ef1480bd9428228b60ab57cf4241c82a61c47c5a1fc98b7b1c104427e63a0f"><material><mattext texttype="text/html">solo</mattext></material></response_label></render_choice></response_lid></presentation><resprocessing><outcomes><decvar maxvalue="100" minvalue="0" varname="SCORE" vartype="Decimal"/></outcomes><respcondition continue="No"><conditionvar><varequal respident="response1">3e3bf4495a9d388a0cbbc3cec9f01de537263176b410578d20b9105309818748c50707b2c36dec49</varequal></conditionvar><setvar actoin="Set" varname="SCORE">100</setvar></respcondition></resprocessing></item><item ident="e617508ec906fe1d7dc6ce4cb02bae785b439958794ae6752e80934849dfa3d0be28d8b6a9c0d702" title="Question"><itemmetadata><qtimetadata><qtimetadatafield><fieldlabel>question_type</fieldlabel><fieldentry>true_false_question</fieldentry></qtimetadatafield><qtimetadatafield><fieldlabel>points_possible</fieldlabel><fieldentry>1</fieldentry></qtimetadatafield><qtimetadatafield><fieldlabel>original_answer_ids</fieldlabel><fieldentry>3083fe98cb570e6af7b9a892f3940ef3cc1d9f1b191e844d37272e8e87220a567a6ca8cf5c966ad2,b656e1cd70df862cc4cd0aeec5a9147ea64d2a07d8bdfa58e100b9fc13d5ae8341b6bfbc0fc0efd5</fieldentry></qtimetadatafield><qtimetadatafield><fieldlabel>assessment_question_identifierref</fieldlabel><fieldentry>494f6f0bbb5e83b5c78b9551f839a976c51428bc68795b51eaaa623cf56166efe29f49ec55ea89b0</fieldentry></qtimetadatafield></qtimetadata></itemmetadata><presentation><material><mattext texttype="text/html">True or False: In a B-tree of order m, every node except the root and leaves must have at least m/2 children.</mattext></material><response_lid ident="response1" rcardinality="Single"><render_choice><response_label ident="3083fe98cb570e6af7b9a892f3940ef3cc1d9f1b191e844d37272e8e87220a567a6ca8cf5c966ad2"><material><mattext texttype="text/html">True</mattext></material></response_label><response_label ident="b656e1cd70df862cc4cd0aeec5a9147ea64d2a07d8bdfa58e100b9fc13d5ae8341b6bfbc0fc0efd5"><material><mattext texttype="text/html">False</mattext></material></response_label></render_choice></response_lid></presentation><resprocessing><outcomes><decvar maxvalue="100" minvalue="0" varname="SCORE" vartype="Decimal"/></outcomes><respcondition continue="No"><conditionvar><varequal respident="response1">3083fe98cb570e6af7b9a892f3940ef3cc1d9f1b191e844d37272e8e87220a567a6ca8cf5c966ad2</varequal></conditionvar><setvar actoin="Set" varname="SCORE">100</setvar></respcondition></resprocessing></item><item ident="5c94b74a2479c15854af87b6d544915d10c67f3cd5a5ac9ff6060ac0c1590369f61ce856aa1eac69" title="Question"><itemmetadata><qtimetadata><qtimetadatafield><fieldlabel>question_type</fieldlabel><fieldentry>short_answer_question</fieldentry></qtimetadatafield><qtimetadatafield><fieldlabel>points_possible</fieldlabel><fieldentry>1</fieldentry></qtimetadatafield><qtimetadatafield><fieldlabel>original_answer_ids</fieldlabel><fieldentry>5767c714406c0490d88a12746288edd607d84102736448a5642cdf5d3a90ea6b95081e3da4cd2a4a,912e91fd49e430faf78551cc29a5e3babc9df6bd99f74d45c7b6901d53b22553534e00aef458c58e</fieldentry></qtimetadatafield><qtimetadatafield><fieldlabel>assessment_question_identifierref</fieldlabel><fieldentry>cc8182765d7c0a0af10a570644555b32deb7236e277ef4a9edda5a69ada73414697baf7f82f573e0</fieldentry></qtimetadatafield></qtimetadata></itemmetadata><presentation><material><mattext texttype="text/html">Consider the following code for the insertion function for a B-Tree. What line in missing from the method? (https://gist.github.com/k0src/1335fefab4cd3854f7ad050f07cf14a2)</mattext></material><response_str ident="response1" rcardinality="Single"><render_fib><response_label ident="answer1" rshuffle="No"/></render_fib></response_str></presentation><resprocessing><outcomes><decvar maxvalue="100" minvalue="0" varname="SCORE" vartype="Decimal"/></outcomes><respcondition continue="No"><conditionvar><varequal respident="response1">insertNonFull</varequal><varequal respident="response1">insert_non_full</varequal></conditionvar><setvar actoin="Set" varname="SCORE">100</setvar></respcondition></resprocessing></item><item ident="ed9e1259cb820a8db16743c8e5ed226d59a978f4cc5ab1019e77f96b2f08fe5ca0b17ccb771a32cc" title="Question"><itemmetadata><qtimetadata><qtimetadatafield><fieldlabel>question_type</fieldlabel><fieldentry>multiple_choice_question</fieldentry></qtimetadatafield><qtimetadatafield><fieldlabel>points_possible</fieldlabel><fieldentry>1</fieldentry></qtimetadatafield><qtimetadatafield><fieldlabel>original_answer_ids</fieldlabel><fieldentry>5dd627bd0c319334c14a3688bb3bbef19914d05404bd36da60d8c4430645c8bd69c604ca8402a2c7,2ff15f6164a15e9fc0952a5fe703a1c1dd97825a772efd6769703a62002dad8a83ef262e49d032c3,5496aa137435d980bd2164db7563a2ec015cba32d3e3b5871ef367dc8465b168ad2f83d473444d50,cac58199c070a712da486739bf0620ddf2f6e160f34ccfb315fe49a75d729b638f8656325bf66802</fieldentry></qtimetadatafield><qtimetadatafield><fieldlabel>assessment_question_identifierref</fieldlabel><fieldentry>0218f3f30080cb118899e9112f4ee8059dbb9fab0d16341bf601c474a351e2dd60eafdf85873bcb5</fieldentry></qtimetadatafield></qtimetadata></itemmetadata><presentation><material><mattext texttype="text/html">When running Kruskal’s algorithm on a weighted undirected graph, what happens if two edges have the same weight and both could be added to the minimum spanning tree without creating a cycle?</mattext></material><response_lid ident="response1" rcardinality="Single"><render_choice><response_label ident="5dd627bd0c319334c14a3688bb3bbef19914d05404bd36da60d8c4430645c8bd69c604ca8402a2c7"><material><mattext texttype="text/html">The algorithm fails and produces an incorrect MST.</mattext></material></response_label><response_label ident="2ff15f6164a15e9fc0952a5fe703a1c1dd97825a772efd6769703a62002dad8a83ef262e49d032c3"><material><mattext texttype="text/html">The algorithm arbitrarily chooses one edge, and the MST remains valid.</mattext></material></response_label><response_label ident="5496aa137435d980bd2164db7563a2ec015cba32d3e3b5871ef367dc8465b168ad2f83d473444d50"><material><mattext texttype="text/html">Both edges are added, creating a cycle.</mattext></material></response_label><response_label ident="cac58199c070a712da486739bf0620ddf2f6e160f34ccfb315fe49a75d729b638f8656325bf66802"><material><mattext texttype="text/html">The algorithm skips both edges to avoid ambiguity.</mattext></material></response_label></render_choice></response_lid></presentation><resprocessing><outcomes><decvar maxvalue="100" minvalue="0" varname="SCORE" vartype="Decimal"/></outcomes><respcondition continue="No"><conditionvar><varequal respident="response1">2ff15f6164a15e9fc0952a5fe703a1c1dd97825a772efd6769703a62002dad8a83ef262e49d032c3</varequal></conditionvar><setvar actoin="Set" varname="SCORE">100</setvar></respcondition></resprocessing></item><item ident="8023a0de1c9b0e5aec2e9fb0f12fc6393ddaacc3bfe8d7bface1eb239af3a66609c6cd8d31d0bd75" title="Question"><itemmetadata><qtimetadata><qtimetadatafield><fieldlabel>question_type</fieldlabel><fieldentry>true_false_question</fieldentry></qtimetadatafield><qtimetadatafield><fieldlabel>points_possible</fieldlabel><fieldentry>1</fieldentry></qtimetadatafield><qtimetadatafield><fieldlabel>original_answer_ids</fieldlabel><fieldentry>d41051a4854d515c1820f5d09f23b806b3f0b43dc6a81c0e74f1d3bc211220b70eb32e8c0ceae2be,d730ed2b58ce93c11b5c1546387ad030c67b08edf89afc30dc4c684271506d82f9054ea9c1fd709f</fieldentry></qtimetadatafield><qtimetadatafield><fieldlabel>assessment_question_identifierref</fieldlabel><fieldentry>40be9b2b53a78f8ec16597499d602a1e7e6fa656de39f538cccab1dceba4d03076c5b71b1c022d41</fieldentry></qtimetadatafield></qtimetadata></itemmetadata><presentation><material><mattext texttype="text/html">True or False: The following code snippet shows DEPTH-FIRST traveral implemented for an adjacency matrix. (https://gist.github.com/k0src/1335fefab4cd3854f7ad050f07cf14a2)</mattext></material><response_lid ident="response1" rcardinality="Single"><render_choice><response_label ident="d41051a4854d515c1820f5d09f23b806b3f0b43dc6a81c0e74f1d3bc211220b70eb32e8c0ceae2be"><material><mattext texttype="text/html">True</mattext></material></response_label><response_label ident="d730ed2b58ce93c11b5c1546387ad030c67b08edf89afc30dc4c684271506d82f9054ea9c1fd709f"><material><mattext texttype="text/html">False</mattext></material></response_label></render_choice></response_lid></presentation><resprocessing><outcomes><decvar maxvalue="100" minvalue="0" varname="SCORE" vartype="Decimal"/></outcomes><respcondition continue="No"><conditionvar><varequal respident="response1">d41051a4854d515c1820f5d09f23b806b3f0b43dc6a81c0e74f1d3bc211220b70eb32e8c0ceae2be</varequal></conditionvar><setvar actoin="Set" varname="SCORE">100</setvar></respcondition></resprocessing></item><item ident="ec50e5718566df6b365e11bc8dc7c1dad25c5e6183bb45d3ea2f25cc3b5b5daa8a404744625fe4d4" title="Question"><itemmetadata><qtimetadata><qtimetadatafield><fieldlabel>question_type</fieldlabel><fieldentry>short_answer_question</fieldentry></qtimetadatafield><qtimetadatafield><fieldlabel>points_possible</fieldlabel><fieldentry>1</fieldentry></qtimetadatafield><qtimetadatafield><fieldlabel>original_answer_ids</fieldlabel><fieldentry>2cd865dd95d0b6a2e818b800d06bd36e1190f6352a173105d63aaa1b7bb80cdec305b05047bd698c,d1cc6117cf509ee1e881b0218c28cffecbe28580ee748d0f2adb36ba07f2c592180214ef6ea6b9d5</fieldentry></qtimetadatafield><qtimetadatafield><fieldlabel>assessment_question_identifierref</fieldlabel><fieldentry>b65156bbe2a63a480a5610d1ec90a6c7257db3c78300b86063c1fc79e425664d3b315a38db921161</fieldentry></qtimetadatafield></qtimetadata></itemmetadata><presentation><material><mattext texttype="text/html">Consider the following code for the insertion function for a Binary Search Tree. What line in missing from the method? (https://gist.github.com/k0src/1335fefab4cd3854f7ad050f07cf14a2)</mattext></material><response_str ident="response1" rcardinality="Single"><render_fib><response_label ident="answer1" rshuffle="No"/></render_fib></response_str></presentation><resprocessing><outcomes><decvar maxvalue="100" minvalue="0" varname="SCORE" vartype="Decimal"/></outcomes><respcondition continue="No"><conditionvar><varequal respident="response1">data &gt; root-&gt;data</varequal><varequal respident="response1">data&gt;root-&gt;data</varequal></conditionvar><setvar actoin="Set" varname="SCORE">100</setvar></respcondition></resprocessing></item><item ident="23b76a7be2e8fba477b0a63926552e93a43e2b69af49b04dc4616023175e199115be4bc099b349e2" title="Question"><itemmetadata><qtimetadata><qtimetadatafield><fieldlabel>question_type</fieldlabel><fieldentry>multiple_choice_question</fieldentry></qtimetadatafield><qtimetadatafield><fieldlabel>points_possible</fieldlabel><fieldentry>1</fieldentry></qtimetadatafield><qtimetadatafield><fieldlabel>original_answer_ids</fieldlabel><fieldentry>50b2bfe5a2028e5de55da60a820b8b0324b73dd253a162402627151115c37622aeb063b761f5317d,b1daf6c7fce655fd64f777f878506607afd4ecb32b9a7d509f84b371524b8fa6a89dab923cd6d6d7,61fc9186c276e725b9dfc3c65e9ad200d35d489b0e1d42052f15be1db5baac300163a7df604c09dd,c6195917b49d8c2aa34517b7a608fa1433b63242df7b4ce313b2a77b943e453e37c7cbccec7c0d5c</fieldentry></qtimetadatafield><qtimetadatafield><fieldlabel>assessment_question_identifierref</fieldlabel><fieldentry>c5ba5ba0241b34b6be4db37b543883885f8b0dba775e43de577e93985c5e62717a618d163639b0de</fieldentry></qtimetadatafield></qtimetadata></itemmetadata><presentation><material><mattext texttype="text/html">Which of the following graphs contains an Eulerian Circuit? (https://gist.github.com/k0src/1335fefab4cd3854f7ad050f07cf14a2)</mattext></material><response_lid ident="response1" rcardinality="Single"><render_choice><response_label ident="50b2bfe5a2028e5de55da60a820b8b0324b73dd253a162402627151115c37622aeb063b761f5317d"><material><mattext texttype="text/html">a</mattext></material></response_label><response_label ident="b1daf6c7fce655fd64f777f878506607afd4ecb32b9a7d509f84b371524b8fa6a89dab923cd6d6d7"><material><mattext texttype="text/html">b</mattext></material></response_label><response_label ident="61fc9186c276e725b9dfc3c65e9ad200d35d489b0e1d42052f15be1db5baac300163a7df604c09dd"><material><mattext texttype="text/html">c</mattext></material></response_label><response_label ident="c6195917b49d8c2aa34517b7a608fa1433b63242df7b4ce313b2a77b943e453e37c7cbccec7c0d5c"><material><mattext texttype="text/html">d</mattext></material></response_label></render_choice></response_lid></presentation><resprocessing><outcomes><decvar maxvalue="100" minvalue="0" varname="SCORE" vartype="Decimal"/></outcomes><respcondition continue="No"><conditionvar><varequal respident="response1">61fc9186c276e725b9dfc3c65e9ad200d35d489b0e1d42052f15be1db5baac300163a7df604c09dd</varequal></conditionvar><setvar actoin="Set" varname="SCORE">100</setvar></respcondition></resprocessing></item><item ident="d2f31c377aee4e86b8a7bce8430118e325d81651904636ee84f7e587b6a8230e601a686d9993988a" title="Question"><itemmetadata><qtimetadata><qtimetadatafield><fieldlabel>question_type</fieldlabel><fieldentry>true_false_question</fieldentry></qtimetadatafield><qtimetadatafield><fieldlabel>points_possible</fieldlabel><fieldentry>1</fieldentry></qtimetadatafield><qtimetadatafield><fieldlabel>original_answer_ids</fieldlabel><fieldentry>04ddfa3a4c7873a274b9d99231f2ada2d04f150bd5a17d520e536984f9c01111188eb628620a8406,89d70c0abe5f9a18b6a7c4e8ee42611fda2baac8c51c850216ece9ca7125f89626752af36ac14cfc</fieldentry></qtimetadatafield><qtimetadatafield><fieldlabel>assessment_question_identifierref</fieldlabel><fieldentry>b6349020dc1154085b105f65f02831fc0099638ca2ce5782351ead8cd9a3aafc04d187b048d4aada</fieldentry></qtimetadatafield></qtimetadata></itemmetadata><presentation><material><mattext texttype="text/html">True or False: B-Trees are self balancing binary trees characterized by the fact that for every node, the difference in height between its left and right subtrees is never greater than 1.</mattext></material><response_lid ident="response1" rcardinality="Single"><render_choice><response_label ident="04ddfa3a4c7873a274b9d99231f2ada2d04f150bd5a17d520e536984f9c01111188eb628620a8406"><material><mattext texttype="text/html">True</mattext></material></response_label><response_label ident="89d70c0abe5f9a18b6a7c4e8ee42611fda2baac8c51c850216ece9ca7125f89626752af36ac14cfc"><material><mattext texttype="text/html">False</mattext></material></response_label></render_choice></response_lid></presentation><resprocessing><outcomes><decvar maxvalue="100" minvalue="0" varname="SCORE" vartype="Decimal"/></outcomes><respcondition continue="No"><conditionvar><varequal respident="response1">89d70c0abe5f9a18b6a7c4e8ee42611fda2baac8c51c850216ece9ca7125f89626752af36ac14cfc</varequal></conditionvar><setvar actoin="Set" varname="SCORE">100</setvar></respcondition></resprocessing></item><item ident="9fa173374e5dfdea1b49d2fc7b66889180cdc9b09ee953d805d77243c1f881fb7ef1e17a96e851f3" title="Question"><itemmetadata><qtimetadata><qtimetadatafield><fieldlabel>question_type</fieldlabel><fieldentry>short_answer_question</fieldentry></qtimetadatafield><qtimetadatafield><fieldlabel>points_possible</fieldlabel><fieldentry>1</fieldentry></qtimetadatafield><qtimetadatafield><fieldlabel>original_answer_ids</fieldlabel><fieldentry>ae2349f33feee707cedfd7643b2e00c6f35ee2376878e255bc77715867b742111362d218f58bffee,f95426f17a5415d5537e9f4bd3d082b7aeea2ae6aa7984564d34f14bbb27574db94b3707828c786b</fieldentry></qtimetadatafield><qtimetadatafield><fieldlabel>assessment_question_identifierref</fieldlabel><fieldentry>f898b64302322466e7262314e9dabcbdb1b7e1bef43a9225c03847e771a09276d8ecdc05b8f5ff7e</fieldentry></qtimetadatafield></qtimetadata></itemmetadata><presentation><material><mattext texttype="text/html">In a B-Tree of order 5, when inserting a key into a full node with 4 keys, the node is split into two nodes. The median key is promoted to the parent, and each new node contains ______ keys.</mattext></material><response_str ident="response1" rcardinality="Single"><render_fib><response_label ident="answer1" rshuffle="No"/></render_fib></response_str></presentation><resprocessing><outcomes><decvar maxvalue="100" minvalue="0" varname="SCORE" vartype="Decimal"/></outcomes><respcondition continue="No"><conditionvar><varequal respident="response1">2</varequal><varequal respident="response1">two</varequal></conditionvar><setvar actoin="Set" varname="SCORE">100</setvar></respcondition></resprocessing></item><item ident="fae5e6e50af18d0f6898e210c4102b164b59744083531e350b6267c488fbf00411fd8239ae06cdb7" title="Question"><itemmetadata><qtimetadata><qtimetadatafield><fieldlabel>question_type</fieldlabel><fieldentry>true_false_question</fieldentry></qtimetadatafield><qtimetadatafield><fieldlabel>points_possible</fieldlabel><fieldentry>1</fieldentry></qtimetadatafield><qtimetadatafield><fieldlabel>original_answer_ids</fieldlabel><fieldentry>519ddad5df2a394acdd7be9f3431feddcb6447d64634475e20a946db36b4c2e5389183bfd6c61b9f,2e26aa4854986f8ba2a41ecbe76fd3a5bf2a3e026af34ff7073e75c9c9d634ee652c53d2ae1e8803</fieldentry></qtimetadatafield><qtimetadatafield><fieldlabel>assessment_question_identifierref</fieldlabel><fieldentry>e273340de988819692e91ec0715dbd26a027b785ec1c8fbec5cdba687f48342620f064c8016644c3</fieldentry></qtimetadatafield></qtimetadata></itemmetadata><presentation><material><mattext texttype="text/html">True or False: The following code correctly returns the height of a Binary Tree. (https://gist.github.com/k0src/1335fefab4cd3854f7ad050f07cf14a2)</mattext></material><response_lid ident="response1" rcardinality="Single"><render_choice><response_label ident="519ddad5df2a394acdd7be9f3431feddcb6447d64634475e20a946db36b4c2e5389183bfd6c61b9f"><material><mattext texttype="text/html">True</mattext></material></response_label><response_label ident="2e26aa4854986f8ba2a41ecbe76fd3a5bf2a3e026af34ff7073e75c9c9d634ee652c53d2ae1e8803"><material><mattext texttype="text/html">False</mattext></material></response_label></render_choice></response_lid></presentation><resprocessing><outcomes><decvar maxvalue="100" minvalue="0" varname="SCORE" vartype="Decimal"/></outcomes><respcondition continue="No"><conditionvar><varequal respident="response1">519ddad5df2a394acdd7be9f3431feddcb6447d64634475e20a946db36b4c2e5389183bfd6c61b9f</varequal></conditionvar><setvar actoin="Set" varname="SCORE">100</setvar></respcondition></resprocessing></item><item ident="a9f9a2b4bf2945ba9a7df35c190c7fa1f0945719c0e9ead8a6aa2fcb92eac77a46caa035bc042818" title="Question"><itemmetadata><qtimetadata><qtimetadatafield><fieldlabel>question_type</fieldlabel><fieldentry>multiple_answers_question</fieldentry></qtimetadatafield><qtimetadatafield><fieldlabel>points_possible</fieldlabel><fieldentry>1</fieldentry></qtimetadatafield><qtimetadatafield><fieldlabel>original_answer_ids</fieldlabel><fieldentry>ec34146a4f5a8260ee5b835aa6958812f2764c9849e26c7634d60c9bb53a7e2f6de1b95fe5419dc6,395095421e50b75032d046ebd78331f9bc53e590dc38572a1dc8bf3712bd6cbe0fc5259295ae330a,0b7255ac6a41fb21ba8e77a41271cb7a501f9b3157c2203f7b08389e65ef841783ff620b845606b5,674db3c2660581f17101d6202870bc3f07013d4814b4fed8412c7d0ddd7b3ddc889be419209713b4</fieldentry></qtimetadatafield><qtimetadatafield><fieldlabel>assessment_question_identifierref</fieldlabel><fieldentry>3b45ba40fd31061065e9c8ec9472b39165efa092ef80ca7f88ca45c2d4fce69090203756fdf67ce0</fieldentry></qtimetadatafield></qtimetadata></itemmetadata><presentation><material><mattext texttype="text/html">Which of the following are valid characteristics of a Binary Search Tree?</mattext></material><response_lid ident="response1" rcardinality="Multiple"><render_choice><response_label ident="ec34146a4f5a8260ee5b835aa6958812f2764c9849e26c7634d60c9bb53a7e2f6de1b95fe5419dc6"><material><mattext texttype="text/html">The left subtree contains only nodes with keys less than the parent</mattext></material></response_label><response_label ident="395095421e50b75032d046ebd78331f9bc53e590dc38572a1dc8bf3712bd6cbe0fc5259295ae330a"><material><mattext texttype="text/html">Duplicates are always allowed in the tree</mattext></material></response_label><response_label ident="0b7255ac6a41fb21ba8e77a41271cb7a501f9b3157c2203f7b08389e65ef841783ff620b845606b5"><material><mattext texttype="text/html">An inorder traversal results in sorted order</mattext></material></response_label><response_label ident="674db3c2660581f17101d6202870bc3f07013d4814b4fed8412c7d0ddd7b3ddc889be419209713b4"><material><mattext texttype="text/html">The right subtree contains only nodes with keys greater than the parent</mattext></material></response_label></render_choice></response_lid></presentation><resprocessing><outcomes><decvar maxvalue="100" minvalue="0" varname="SCORE" vartype="Decimal"/></outcomes><respcondition continue="No"><conditionvar><and><varequal respident="response1">ec34146a4f5a8260ee5b835aa6958812f2764c9849e26c7634d60c9bb53a7e2f6de1b95fe5419dc6</varequal><not><varequal respident="response1">395095421e50b75032d046ebd78331f9bc53e590dc38572a1dc8bf3712bd6cbe0fc5259295ae330a</varequal></not><varequal respident="response1">0b7255ac6a41fb21ba8e77a41271cb7a501f9b3157c2203f7b08389e65ef841783ff620b845606b5</varequal><varequal respident="response1">674db3c2660581f17101d6202870bc3f07013d4814b4fed8412c7d0ddd7b3ddc889be419209713b4</varequal></and></conditionvar><setvar actoin="Set" varname="SCORE">100</setvar></respcondition></resprocessing></item><item ident="fa4ba3f68b1017e06c52dba0c2e67b1bed742d4ae5781aba87ce2602ed80c1f5e51509f0bf6d181b" title="Question"><itemmetadata><qtimetadata><qtimetadatafield><fieldlabel>question_type</fieldlabel><fieldentry>true_false_question</fieldentry></qtimetadatafield><qtimetadatafield><fieldlabel>points_possible</fieldlabel><fieldentry>1</fieldentry></qtimetadatafield><qtimetadatafield><fieldlabel>original_answer_ids</fieldlabel><fieldentry>62f466bda4829545ad389d2c822eb736ad851278389380bb1669e8b99e1ded118943bc73f9efa0c9,3d77776063d75853238e0f0a9b27d5621bb5af436a3c463f934f9b986f064b8486712c3a3bd7c527</fieldentry></qtimetadatafield><qtimetadatafield><fieldlabel>assessment_question_identifierref</fieldlabel><fieldentry>827fdecca4f2ac21ba7e67479f2530d8b51e2a808e2570a99dddd9a295bc486e9a04a6528d00919b</fieldentry></qtimetadatafield></qtimetadata></itemmetadata><presentation><material><mattext texttype="text/html">True or False: The Huffman encoding of the same input string is always unique.</mattext></material><response_lid ident="response1" rcardinality="Single"><render_choice><response_label ident="62f466bda4829545ad389d2c822eb736ad851278389380bb1669e8b99e1ded118943bc73f9efa0c9"><material><mattext texttype="text/html">True</mattext></material></response_label><response_label ident="3d77776063d75853238e0f0a9b27d5621bb5af436a3c463f934f9b986f064b8486712c3a3bd7c527"><material><mattext texttype="text/html">False</mattext></material></response_label></render_choice></response_lid></presentation><resprocessing><outcomes><decvar maxvalue="100" minvalue="0" varname="SCORE" vartype="Decimal"/></outcomes><respcondition continue="No"><conditionvar><varequal respident="response1">3d77776063d75853238e0f0a9b27d5621bb5af436a3c463f934f9b986f064b8486712c3a3bd7c527</varequal></conditionvar><setvar actoin="Set" varname="SCORE">100</setvar></respcondition></resprocessing></item><item ident="5130424d5ca0f6275f546f5af9549a958a43dbff1e8d3fd376b4f4775cd6a6c0f43ecd3902d7f1d3" title="Question"><itemmetadata><qtimetadata><qtimetadatafield><fieldlabel>question_type</fieldlabel><fieldentry>multiple_choice_question</fieldentry></qtimetadatafield><qtimetadatafield><fieldlabel>points_possible</fieldlabel><fieldentry>1</fieldentry></qtimetadatafield><qtimetadatafield><fieldlabel>original_answer_ids</fieldlabel><fieldentry>4b99e675f464af79afc25b7ea202162bbbed16804a6e7c0a37426e1492fc974b352c129530d91066,0c13f102cac4832f3fe86fdf9593420f5945307e4545c2b7a21ce44b8941758faa546152e7fde7e9,ae974715383307dcc3a1a8ea884056e3f4bbcd576c3ef7894d1c8a45506cb55f6c27775b02543df1,3129f438c70b274b2516f10caaff21cec2f37b6098c0af8e43915d9356cd02a6884d35885e7a69cf</fieldentry></qtimetadatafield><qtimetadatafield><fieldlabel>assessment_question_identifierref</fieldlabel><fieldentry>782fe002430ca98ab1a0cd6b647113026c90a2f906c9c0dae7f05021c63ee4c0e8a80c65899756c4</fieldentry></qtimetadatafield></qtimetadata></itemmetadata><presentation><material><mattext texttype="text/html">Which of the following trees represents the AVL Tree after a LL Rotation? (https://gist.github.com/k0src/1335fefab4cd3854f7ad050f07cf14a2)</mattext></material><response_lid ident="response1" rcardinality="Single"><render_choice><response_label ident="4b99e675f464af79afc25b7ea202162bbbed16804a6e7c0a37426e1492fc974b352c129530d91066"><material><mattext texttype="text/html">a</mattext></material></response_label><response_label ident="0c13f102cac4832f3fe86fdf9593420f5945307e4545c2b7a21ce44b8941758faa546152e7fde7e9"><material><mattext texttype="text/html">b</mattext></material></response_label><response_label ident="ae974715383307dcc3a1a8ea884056e3f4bbcd576c3ef7894d1c8a45506cb55f6c27775b02543df1"><material><mattext texttype="text/html">c</mattext></material></response_label><response_label ident="3129f438c70b274b2516f10caaff21cec2f37b6098c0af8e43915d9356cd02a6884d35885e7a69cf"><material><mattext texttype="text/html">d</mattext></material></response_label></render_choice></response_lid></presentation><resprocessing><outcomes><decvar maxvalue="100" minvalue="0" varname="SCORE" vartype="Decimal"/></outcomes><respcondition continue="No"><conditionvar><varequal respident="response1">0c13f102cac4832f3fe86fdf9593420f5945307e4545c2b7a21ce44b8941758faa546152e7fde7e9</varequal></conditionvar><setvar actoin="Set" varname="SCORE">100</setvar></respcondition></resprocessing></item><item ident="e3546d6dfb147487732b5ec2987abe204bb9d09528baabc8931fa95cf29d77f5804c71e8427d32af" title="Question"><itemmetadata><qtimetadata><qtimetadatafield><fieldlabel>question_type</fieldlabel><fieldentry>short_answer_question</fieldentry></qtimetadatafield><qtimetadatafield><fieldlabel>points_possible</fieldlabel><fieldentry>1</fieldentry></qtimetadatafield><qtimetadatafield><fieldlabel>original_answer_ids</fieldlabel><fieldentry>c5c838adbeefb5c548407c2fce3ac210487746e9c8440f704e034373004f25ce122c3e9c0b532c57,e4f4f6449402a748577163d0fb1fc469247f1b43ca4a6b103f41fcd9b2f323fb67cde2e4380372e9,d01c863e41b8dcff5732fa150f3d1827cfecc8ec64b8b7064a136e615efa326282c241bca72d8f24</fieldentry></qtimetadatafield><qtimetadatafield><fieldlabel>assessment_question_identifierref</fieldlabel><fieldentry>84d0621d74a75120e51dd4135f2f8ac9d9656054fa4eacd77254841b06cea9a8bb3a26dbf6524b5d</fieldentry></qtimetadatafield></qtimetadata></itemmetadata><presentation><material><mattext texttype="text/html">What is the result of Post-Order traveral on the following tree? (Enter answer in the format: 1,2,3,5,...n) (https://gist.github.com/k0src/1335fefab4cd3854f7ad050f07cf14a2)</mattext></material><response_str ident="response1" rcardinality="Single"><render_fib><response_label ident="answer1" rshuffle="No"/></render_fib></response_str></presentation><resprocessing><outcomes><decvar maxvalue="100" minvalue="0" varname="SCORE" vartype="Decimal"/></outcomes><respcondition continue="No"><conditionvar><varequal respident="response1">4,8,5,2,6,9,10,7,3,1</varequal><varequal respident="response1">4, 8, 5, 2, 6, 9, 10, 7, 3, 1</varequal><varequal respident="response1">4 8 5 2 6 9 10 7 3 1</varequal></conditionvar><setvar actoin="Set" varname="SCORE">100</setvar></respcondition></resprocessing></item><item ident="bfbf7920a0acb1f3948aaf0e5330ab4c094a28863056b784a764ecde936c34ec5896c00c5391398f" title="Question"><itemmetadata><qtimetadata><qtimetadatafield><fieldlabel>question_type</fieldlabel><fieldentry>multiple_answers_question</fieldentry></qtimetadatafield><qtimetadatafield><fieldlabel>points_possible</fieldlabel><fieldentry>1</fieldentry></qtimetadatafield><qtimetadatafield><fieldlabel>original_answer_ids</fieldlabel><fieldentry>578dd79c31dd2dbf450e5966f91e0144391ab7b85c354717a78b0f0a5efd8e66916358bdd0135728,fac51b5cdb84012c641a8a34dbaa9f07af7f9ea05bd5eaadecc8b61061536f1bbfae7a307e093dfe,5b9da982fb15e22aa3cb9f5430f162fd8a3442d58bf9e58172c322a1f47d86b3940fbb8db231c773,965b344f9778804406cfd5a9b741ead59f6604f1acbcf0480f70432cc96e4ecc6dd4939d11d854d6</fieldentry></qtimetadatafield><qtimetadatafield><fieldlabel>assessment_question_identifierref</fieldlabel><fieldentry>fee0eda0e70f48d3ec5bfb209fadbd8bfc55dedef9feac6684a205c231be074dd24b8e80735a88a1</fieldentry></qtimetadatafield></qtimetadata></itemmetadata><presentation><material><mattext texttype="text/html">Which of the following algorithms can be used to find a Minimum Spanning Tree?</mattext></material><response_lid ident="response1" rcardinality="Multiple"><render_choice><response_label ident="578dd79c31dd2dbf450e5966f91e0144391ab7b85c354717a78b0f0a5efd8e66916358bdd0135728"><material><mattext texttype="text/html">Dijkstra’s Algorithm</mattext></material></response_label><response_label ident="fac51b5cdb84012c641a8a34dbaa9f07af7f9ea05bd5eaadecc8b61061536f1bbfae7a307e093dfe"><material><mattext texttype="text/html">Floyd-Warshall Algorithm</mattext></material></response_label><response_label ident="5b9da982fb15e22aa3cb9f5430f162fd8a3442d58bf9e58172c322a1f47d86b3940fbb8db231c773"><material><mattext texttype="text/html">Prim’s Algorithm</mattext></material></response_label><response_label ident="965b344f9778804406cfd5a9b741ead59f6604f1acbcf0480f70432cc96e4ecc6dd4939d11d854d6"><material><mattext texttype="text/html">Kruskal’s Algorithm</mattext></material></response_label></render_choice></response_lid></presentation><resprocessing><outcomes><decvar maxvalue="100" minvalue="0" varname="SCORE" vartype="Decimal"/></outcomes><respcondition continue="No"><conditionvar><and><not><varequal respident="response1">578dd79c31dd2dbf450e5966f91e0144391ab7b85c354717a78b0f0a5efd8e66916358bdd0135728</varequal></not><not><varequal respident="response1">fac51b5cdb84012c641a8a34dbaa9f07af7f9ea05bd5eaadecc8b61061536f1bbfae7a307e093dfe</varequal></not><varequal respident="response1">5b9da982fb15e22aa3cb9f5430f162fd8a3442d58bf9e58172c322a1f47d86b3940fbb8db231c773</varequal><varequal respident="response1">965b344f9778804406cfd5a9b741ead59f6604f1acbcf0480f70432cc96e4ecc6dd4939d11d854d6</varequal></and></conditionvar><setvar actoin="Set" varname="SCORE">100</setvar></respcondition></resprocessing></item><item ident="e8fccbe9e0fcdeabc68b58a10b229886f613d410d5eff1ba80b1bdef213b201b5761274edebb29a6" title="Question"><itemmetadata><qtimetadata><qtimetadatafield><fieldlabel>question_type</fieldlabel><fieldentry>multiple_answers_question</fieldentry></qtimetadatafield><qtimetadatafield><fieldlabel>points_possible</fieldlabel><fieldentry>1</fieldentry></qtimetadatafield><qtimetadatafield><fieldlabel>original_answer_ids</fieldlabel><fieldentry>91334c9da9f9cbe0e6ecd986df1acc31c28dbc165c56ca0f88747390428812669f48e8f24e5e7fed,617af2f246a333ac658ec1db650300b1df7d2b164b5772cc11a103de413909e3a0b16a1c888cb28d,f09bcca6139040b115f9a3976c3661acd2d25a562463617362e380ae84650af4eb3bbaddc8d2ae15,7f0bb413730990c878aa0f3cd602781a00ab8db56f702aa2ecd3b36edb23c299658f653a32e4d7b0</fieldentry></qtimetadatafield><qtimetadatafield><fieldlabel>assessment_question_identifierref</fieldlabel><fieldentry>652998cd715edbb400ebc9c3ba64e124f3abe253e7422b31da234d8b2e0a195ea285d5bb713cae1c</fieldentry></qtimetadatafield></qtimetadata></itemmetadata><presentation><material><mattext texttype="text/html">Which of the following is FALSE about the graph implementation shown here? (https://gist.github.com/k0src/1335fefab4cd3854f7ad050f07cf14a2)</mattext></material><response_lid ident="response1" rcardinality="Multiple"><render_choice><response_label ident="91334c9da9f9cbe0e6ecd986df1acc31c28dbc165c56ca0f88747390428812669f48e8f24e5e7fed"><material><mattext texttype="text/html">It is implemented as an Adjacency List</mattext></material></response_label><response_label ident="617af2f246a333ac658ec1db650300b1df7d2b164b5772cc11a103de413909e3a0b16a1c888cb28d"><material><mattext texttype="text/html">It is more efficent for sparse graphs</mattext></material></response_label><response_label ident="f09bcca6139040b115f9a3976c3661acd2d25a562463617362e380ae84650af4eb3bbaddc8d2ae15"><material><mattext texttype="text/html">It is less space effcient than an Adjacency Matrix</mattext></material></response_label><response_label ident="7f0bb413730990c878aa0f3cd602781a00ab8db56f702aa2ecd3b36edb23c299658f653a32e4d7b0"><material><mattext texttype="text/html">Querying an edge is O(n^2) in the worse case</mattext></material></response_label></render_choice></response_lid></presentation><resprocessing><outcomes><decvar maxvalue="100" minvalue="0" varname="SCORE" vartype="Decimal"/></outcomes><respcondition continue="No"><conditionvar><and><not><varequal respident="response1">91334c9da9f9cbe0e6ecd986df1acc31c28dbc165c56ca0f88747390428812669f48e8f24e5e7fed</varequal></not><not><varequal respident="response1">617af2f246a333ac658ec1db650300b1df7d2b164b5772cc11a103de413909e3a0b16a1c888cb28d</varequal></not><varequal respident="response1">f09bcca6139040b115f9a3976c3661acd2d25a562463617362e380ae84650af4eb3bbaddc8d2ae15</varequal><varequal respident="response1">7f0bb413730990c878aa0f3cd602781a00ab8db56f702aa2ecd3b36edb23c299658f653a32e4d7b0</varequal></and></conditionvar><setvar actoin="Set" varname="SCORE">100</setvar></respcondition></resprocessing></item><item ident="e553ed98aac9b7dd72fd43ed75420665cb3323b64f730a98f66f9655a0ca836a54411a00eb4d6f44" title="Question"><itemmetadata><qtimetadata><qtimetadatafield><fieldlabel>question_type</fieldlabel><fieldentry>multiple_answers_question</fieldentry></qtimetadatafield><qtimetadatafield><fieldlabel>points_possible</fieldlabel><fieldentry>1</fieldentry></qtimetadatafield><qtimetadatafield><fieldlabel>original_answer_ids</fieldlabel><fieldentry>543edca48e932adfe29df900598779dd0ddf98ce26889e97cff2a4cc397e4e8df0ffe114e340439c,f92736d02034d41f5875cd4be40a5e242b9c6c4fe36997d8ea6ee10de229b490ed59aa787cb0fb9e,a16d55b7bea52066f792214bf25bdc0e0e12871a2a86700b1e92c405a28fb98497d5133f763360c1,e3dcf457ce7a915cd1ceef5babf961297fbb19cc68124b88ed652373b485b47b20e83c64b95fd304,4a2ecf15782301b680cd93a9cf2450c46968406a22320c1962f1c27c7a83e4aa2da1135189e9e1b1,191fbb7377ce7445b92e8e48fe53599be65e813488ab6d113699965d272f106f059cda4a9f00db9b,07d584c99e45eb9d3679ac1032e6c51cb572fa046acd71aeebd236f08b995ea2a8bae557efde2847,727b3ceb61e7957fdc73bc8fb1156783cdee317d46da623ae1a0263d546ca9ef47ed60050955fe0a,0853a5fadeb691802ed432b8079de6fee81a8b3153dc179a73261a45f63b297fdc223132ec6b7bb7,3aebad1085804d38883c48b61f9e7926ed089f53e2ee29f16a232fcdb68250703b969dde33b7c71d</fieldentry></qtimetadatafield><qtimetadatafield><fieldlabel>assessment_question_identifierref</fieldlabel><fieldentry>066fc3111eba4e006e44e7aeda54ba4fa406eaf56ee820f5464a5018003c60c9f532ba045d1cadc9</fieldentry></qtimetadatafield></qtimetadata></itemmetadata><presentation><material><mattext texttype="text/html">Rate this Quiz done by Group #40. Select one option only.</mattext></material><response_lid ident="response1" rcardinality="Multiple"><render_choice><response_label ident="543edca48e932adfe29df900598779dd0ddf98ce26889e97cff2a4cc397e4e8df0ffe114e340439c"><material><mattext texttype="text/html">1</mattext></material></response_label><response_label ident="f92736d02034d41f5875cd4be40a5e242b9c6c4fe36997d8ea6ee10de229b490ed59aa787cb0fb9e"><material><mattext texttype="text/html">2</mattext></material></response_label><response_label ident="a16d55b7bea52066f792214bf25bdc0e0e12871a2a86700b1e92c405a28fb98497d5133f763360c1"><material><mattext texttype="text/html">3</mattext></material></response_label><response_label ident="e3dcf457ce7a915cd1ceef5babf961297fbb19cc68124b88ed652373b485b47b20e83c64b95fd304"><material><mattext texttype="text/html">4</mattext></material></response_label><response_label ident="4a2ecf15782301b680cd93a9cf2450c46968406a22320c1962f1c27c7a83e4aa2da1135189e9e1b1"><material><mattext texttype="text/html">5</mattext></material></response_label><response_label ident="191fbb7377ce7445b92e8e48fe53599be65e813488ab6d113699965d272f106f059cda4a9f00db9b"><material><mattext texttype="text/html">6</mattext></material></response_label><response_label ident="07d584c99e45eb9d3679ac1032e6c51cb572fa046acd71aeebd236f08b995ea2a8bae557efde2847"><material><mattext texttype="text/html">7</mattext></material></response_label><response_label ident="727b3ceb61e7957fdc73bc8fb1156783cdee317d46da623ae1a0263d546ca9ef47ed60050955fe0a"><material><mattext texttype="text/html">8</mattext></material></response_label><response_label ident="0853a5fadeb691802ed432b8079de6fee81a8b3153dc179a73261a45f63b297fdc223132ec6b7bb7"><material><mattext texttype="text/html">9</mattext></material></response_label><response_label ident="3aebad1085804d38883c48b61f9e7926ed089f53e2ee29f16a232fcdb68250703b969dde33b7c71d"><material><mattext texttype="text/html">10</mattext></material></response_label></render_choice></response_lid></presentation><resprocessing><outcomes><decvar maxvalue="100" minvalue="0" varname="SCORE" vartype="Decimal"/></outcomes><respcondition continue="No"><conditionvar><and><varequal respident="response1">543edca48e932adfe29df900598779dd0ddf98ce26889e97cff2a4cc397e4e8df0ffe114e340439c</varequal><varequal respident="response1">f92736d02034d41f5875cd4be40a5e242b9c6c4fe36997d8ea6ee10de229b490ed59aa787cb0fb9e</varequal><varequal respident="response1">a16d55b7bea52066f792214bf25bdc0e0e12871a2a86700b1e92c405a28fb98497d5133f763360c1</varequal><varequal respident="response1">e3dcf457ce7a915cd1ceef5babf961297fbb19cc68124b88ed652373b485b47b20e83c64b95fd304</varequal><varequal respident="response1">4a2ecf15782301b680cd93a9cf2450c46968406a22320c1962f1c27c7a83e4aa2da1135189e9e1b1</varequal><varequal respident="response1">191fbb7377ce7445b92e8e48fe53599be65e813488ab6d113699965d272f106f059cda4a9f00db9b</varequal><varequal respident="response1">07d584c99e45eb9d3679ac1032e6c51cb572fa046acd71aeebd236f08b995ea2a8bae557efde2847</varequal><varequal respident="response1">727b3ceb61e7957fdc73bc8fb1156783cdee317d46da623ae1a0263d546ca9ef47ed60050955fe0a</varequal><varequal respident="response1">0853a5fadeb691802ed432b8079de6fee81a8b3153dc179a73261a45f63b297fdc223132ec6b7bb7</varequal><varequal respident="response1">3aebad1085804d38883c48b61f9e7926ed089f53e2ee29f16a232fcdb68250703b969dde33b7c71d</varequal></and></conditionvar><setvar actoin="Set" varname="SCORE">100</setvar></respcondition></resprocessing></item></section></assessment></questestinterop>
