<?xml version="1.0" encoding="UTF-8"?>
<questestinterop xmlns="http://www.imsglobal.org/xsd/ims_qtiasiv1p2" xmlns:xsi="http://www.w3.org/2001/XMLSchema-instance" xsi:schemaLocation="http://www.imsglobal.org/xsd/ims_qtiasiv1p2 http://www.imsglobal.org/xsd/ims_qtiasiv1p2p1.xsd"><assessment ident="c65ce0b37cd4796943d16ba1401982944314f34243d7b8ee21884f066eda7b14d7725addb8308277" title="CIA Group 40"><qtimetadata><qtimetadatafield><fieldlabel>cc_maxattempts</fieldlabel><fieldentry>1</fieldentry></qtimetadatafield></qtimetadata><section ident="root_section"><item ident="09f8a29a994f1cbed267594806ef8493cea47476d7ea6c2c9a8494f9703ad9c9fd95840fce000d22" title="Question"><itemmetadata><qtimetadata><qtimetadatafield><fieldlabel>question_type</fieldlabel><fieldentry>multiple_choice_question</fieldentry></qtimetadatafield><qtimetadatafield><fieldlabel>points_possible</fieldlabel><fieldentry>1</fieldentry></qtimetadatafield><qtimetadatafield><fieldlabel>original_answer_ids</fieldlabel><fieldentry>3838a8a363d7bc3801ff5c0cedad73ac2a027b36616b401484341ce748cd1a647270b9110246fb6f,694412dc2d8d91aa6e8757abe439b3e9f48fcb307396b71cba4390db1717df2e066e8c99b45881d3,8096feeaeff8b1366791eb6258d047c241690e20ae7aaade22ba6187ae0211bd89e56dd9afe80e8c,40ddc481b3bc365b3f6f465b397b68e0e91d03384f7a851ee0de529ed0808ed60fdf68de6bfcaf17</fieldentry></qtimetadatafield><qtimetadatafield><fieldlabel>assessment_question_identifierref</fieldlabel><fieldentry>c49f9afc3eeae469d7d90dc6bb2d842a097590ba9012a05a215757ca517246b5de18307e2c4b1dc2</fieldentry></qtimetadatafield></qtimetadata></itemmetadata><presentation><material><mattext texttype="text/html">What is the worst-case time complexity of accessing an element in a dynamic array?</mattext></material><response_lid ident="response1" rcardinality="Single"><render_choice><response_label ident="3838a8a363d7bc3801ff5c0cedad73ac2a027b36616b401484341ce748cd1a647270b9110246fb6f"><material><mattext texttype="text/html">O(n)</mattext></material></response_label><response_label ident="694412dc2d8d91aa6e8757abe439b3e9f48fcb307396b71cba4390db1717df2e066e8c99b45881d3"><material><mattext texttype="text/html">O(log n)</mattext></material></response_label><response_label ident="8096feeaeff8b1366791eb6258d047c241690e20ae7aaade22ba6187ae0211bd89e56dd9afe80e8c"><material><mattext texttype="text/html">O(1)</mattext></material></response_label><response_label ident="40ddc481b3bc365b3f6f465b397b68e0e91d03384f7a851ee0de529ed0808ed60fdf68de6bfcaf17"><material><mattext texttype="text/html">O(n log n)</mattext></material></response_label></render_choice></response_lid></presentation><resprocessing><outcomes><decvar maxvalue="100" minvalue="0" varname="SCORE" vartype="Decimal"/></outcomes><respcondition continue="No"><conditionvar><varequal respident="response1">8096feeaeff8b1366791eb6258d047c241690e20ae7aaade22ba6187ae0211bd89e56dd9afe80e8c</varequal></conditionvar><setvar actoin="Set" varname="SCORE">100</setvar></respcondition></resprocessing></item><item ident="f45680d87f1867a7397fa00ffb05b17d2bab2cadf9ea40b8cb20a40f17535b2f84bf53a9fb4ace3e" title="Question"><itemmetadata><qtimetadata><qtimetadatafield><fieldlabel>question_type</fieldlabel><fieldentry>true_false_question</fieldentry></qtimetadatafield><qtimetadatafield><fieldlabel>points_possible</fieldlabel><fieldentry>1</fieldentry></qtimetadatafield><qtimetadatafield><fieldlabel>original_answer_ids</fieldlabel><fieldentry>1c9ca6c3f17e6df20fcd539b32ffdfa8d26c9e79940a501cc2775642fa1370a04f6a1eba44e8cfbe,abf3f4f910d8a462d691007993bcf570d5e8ec157d5c79f8181c542d5003d73e0c12df95688fd3be</fieldentry></qtimetadatafield><qtimetadatafield><fieldlabel>assessment_question_identifierref</fieldlabel><fieldentry>c0933c946ffccb8898868b3090ae61119dc5c3cd27915ac5024f64ee590a0518c2f549cf884129d0</fieldentry></qtimetadatafield></qtimetadata></itemmetadata><presentation><material><mattext texttype="text/html">True or False: The best-case time complexity of bubble sort is O(n).</mattext></material><response_lid ident="response1" rcardinality="Single"><render_choice><response_label ident="1c9ca6c3f17e6df20fcd539b32ffdfa8d26c9e79940a501cc2775642fa1370a04f6a1eba44e8cfbe"><material><mattext texttype="text/html">True</mattext></material></response_label><response_label ident="abf3f4f910d8a462d691007993bcf570d5e8ec157d5c79f8181c542d5003d73e0c12df95688fd3be"><material><mattext texttype="text/html">False</mattext></material></response_label></render_choice></response_lid></presentation><resprocessing><outcomes><decvar maxvalue="100" minvalue="0" varname="SCORE" vartype="Decimal"/></outcomes><respcondition continue="No"><conditionvar><varequal respident="response1">1c9ca6c3f17e6df20fcd539b32ffdfa8d26c9e79940a501cc2775642fa1370a04f6a1eba44e8cfbe</varequal></conditionvar><setvar actoin="Set" varname="SCORE">100</setvar></respcondition></resprocessing></item><item ident="7866da1c29e268fab152e14d001b5d147f62e471134e5f53a548a6872a80597e9cccd0bb1a8bf29e" title="Question"><itemmetadata><qtimetadata><qtimetadatafield><fieldlabel>question_type</fieldlabel><fieldentry>true_false_question</fieldentry></qtimetadatafield><qtimetadatafield><fieldlabel>points_possible</fieldlabel><fieldentry>1</fieldentry></qtimetadatafield><qtimetadatafield><fieldlabel>original_answer_ids</fieldlabel><fieldentry>475c5af90abc9f1e05895fc466385610590dc5fb101804a1fc42c6c9f61714de0d79cb442c6e4c3a,b25791860587e2b31b66a398749a5427e37da48ce495c5036e6a3e21482a228a6ce8d4ea355851fd</fieldentry></qtimetadatafield><qtimetadatafield><fieldlabel>assessment_question_identifierref</fieldlabel><fieldentry>4d4dd4cceb681610884d50f78525788e8a38d4b330be62e2ade7f02437c25e2ce29783c5f35f80e6</fieldentry></qtimetadatafield></qtimetadata></itemmetadata><presentation><material><mattext texttype="text/html">Which of the following searching algorithms requires a sorted array to work correctly?</mattext></material><response_lid ident="response1" rcardinality="Single"><render_choice><response_label ident="475c5af90abc9f1e05895fc466385610590dc5fb101804a1fc42c6c9f61714de0d79cb442c6e4c3a"><material><mattext texttype="text/html">Linear Search</mattext></material></response_label><response_label ident="b25791860587e2b31b66a398749a5427e37da48ce495c5036e6a3e21482a228a6ce8d4ea355851fd"><material><mattext texttype="text/html">Binary Search</mattext></material></response_label></render_choice></response_lid></presentation><resprocessing><outcomes><decvar maxvalue="100" minvalue="0" varname="SCORE" vartype="Decimal"/></outcomes><respcondition continue="No"><conditionvar><varequal respident="response1">b25791860587e2b31b66a398749a5427e37da48ce495c5036e6a3e21482a228a6ce8d4ea355851fd</varequal></conditionvar><setvar actoin="Set" varname="SCORE">100</setvar></respcondition></resprocessing></item><item ident="dcc0ca57967d9cbf7f8569b31273f942dd0a0d33bbc023b9e8223698199ebf6c16a1d6bda2c60cb5" title="Question"><itemmetadata><qtimetadata><qtimetadatafield><fieldlabel>question_type</fieldlabel><fieldentry>multiple_choice_question</fieldentry></qtimetadatafield><qtimetadatafield><fieldlabel>points_possible</fieldlabel><fieldentry>1</fieldentry></qtimetadatafield><qtimetadatafield><fieldlabel>original_answer_ids</fieldlabel><fieldentry>640a422fbb17f73e3ca22004d64adbe295f10c5a26b33daf787db6d967290ce85a953347203b108b,aa738b3d0fad69050c4b2f6c6d7065f444515513d328e7346d4bc930fb4537347391926ca11b7963,94d5837f37f097169462b1ab3414d2ec9eebef70583166cf5fc47e943a5ad1c139471b0c4f1059f3,b816a26a3d0ba938787d1d675a1ed754745930476b406a964d927a15d69a1aeef326a5d55baa129d</fieldentry></qtimetadatafield><qtimetadatafield><fieldlabel>assessment_question_identifierref</fieldlabel><fieldentry>f1c0c100dbe7bc064afc199fcbb1d52a89303adb1309053b0f5358b53c7ea76d0ce5345a34c9a830</fieldentry></qtimetadatafield></qtimetadata></itemmetadata><presentation><material><mattext texttype="text/html">What happens when a recursive function lacks a base case?</mattext></material><response_lid ident="response1" rcardinality="Single"><render_choice><response_label ident="640a422fbb17f73e3ca22004d64adbe295f10c5a26b33daf787db6d967290ce85a953347203b108b"><material><mattext texttype="text/html">It runs infinitely and may cause a stack overflow.</mattext></material></response_label><response_label ident="aa738b3d0fad69050c4b2f6c6d7065f444515513d328e7346d4bc930fb4537347391926ca11b7963"><material><mattext texttype="text/html">It causes a segmentation fault or stack overflow error.</mattext></material></response_label><response_label ident="94d5837f37f097169462b1ab3414d2ec9eebef70583166cf5fc47e943a5ad1c139471b0c4f1059f3"><material><mattext texttype="text/html">It runs normally with extra computations.</mattext></material></response_label><response_label ident="b816a26a3d0ba938787d1d675a1ed754745930476b406a964d927a15d69a1aeef326a5d55baa129d"><material><mattext texttype="text/html">It converts itself into an iterative function automatically.</mattext></material></response_label></render_choice></response_lid></presentation><resprocessing><outcomes><decvar maxvalue="100" minvalue="0" varname="SCORE" vartype="Decimal"/></outcomes><respcondition continue="No"><conditionvar><varequal respident="response1">aa738b3d0fad69050c4b2f6c6d7065f444515513d328e7346d4bc930fb4537347391926ca11b7963</varequal></conditionvar><setvar actoin="Set" varname="SCORE">100</setvar></respcondition></resprocessing></item><item ident="de879a6c64c602ef9516b4af6c337d718c830b0fbeaeaba791a8a6496377612f67522ce7a34def75" title="Question"><itemmetadata><qtimetadata><qtimetadatafield><fieldlabel>question_type</fieldlabel><fieldentry>multiple_choice_question</fieldentry></qtimetadatafield><qtimetadatafield><fieldlabel>points_possible</fieldlabel><fieldentry>1</fieldentry></qtimetadatafield><qtimetadatafield><fieldlabel>original_answer_ids</fieldlabel><fieldentry>4d29a55dcceb0bad2f64ee22886c57a175e48b0086e1c77fca9c3999cb78c2316f7380ea66c59054,5b66675f8bbc59ca29ce97cf9e1a3ac1aa02012c2d967ff20b6c3aab9e69223a9288a253b8088f34,3f8c64e2f7fbfa0160de7d1aa9cba533f2228323716d1ecacd6f10207b816e80cd6d07e63a4f1467,2afba7d5fcfb4521ad451f9cad1976e5ede5edf04fa810151144ac4cd4a6e54e02d4b103f24b7e06</fieldentry></qtimetadatafield><qtimetadatafield><fieldlabel>assessment_question_identifierref</fieldlabel><fieldentry>2e26798bcc94bdbb195adbe78a9e7fcbbf1d901bb6a3e4c3ec51db97effbda4850e5efad7bad2966</fieldentry></qtimetadatafield></qtimetadata></itemmetadata><presentation><material><mattext texttype="text/html">In a doubly linked list, how many pointers does each node store?</mattext></material><response_lid ident="response1" rcardinality="Single"><render_choice><response_label ident="4d29a55dcceb0bad2f64ee22886c57a175e48b0086e1c77fca9c3999cb78c2316f7380ea66c59054"><material><mattext texttype="text/html">1</mattext></material></response_label><response_label ident="5b66675f8bbc59ca29ce97cf9e1a3ac1aa02012c2d967ff20b6c3aab9e69223a9288a253b8088f34"><material><mattext texttype="text/html">2</mattext></material></response_label><response_label ident="3f8c64e2f7fbfa0160de7d1aa9cba533f2228323716d1ecacd6f10207b816e80cd6d07e63a4f1467"><material><mattext texttype="text/html">3</mattext></material></response_label><response_label ident="2afba7d5fcfb4521ad451f9cad1976e5ede5edf04fa810151144ac4cd4a6e54e02d4b103f24b7e06"><material><mattext texttype="text/html">4</mattext></material></response_label></render_choice></response_lid></presentation><resprocessing><outcomes><decvar maxvalue="100" minvalue="0" varname="SCORE" vartype="Decimal"/></outcomes><respcondition continue="No"><conditionvar><varequal respident="response1">5b66675f8bbc59ca29ce97cf9e1a3ac1aa02012c2d967ff20b6c3aab9e69223a9288a253b8088f34</varequal></conditionvar><setvar actoin="Set" varname="SCORE">100</setvar></respcondition></resprocessing></item><item ident="f300b6da28dee9e43b62903b449aa96ec2f13113d5ac469b1fa1bfab1c1c243efd2403d3199ee5db" title="Question"><itemmetadata><qtimetadata><qtimetadatafield><fieldlabel>question_type</fieldlabel><fieldentry>multiple_choice_question</fieldentry></qtimetadatafield><qtimetadatafield><fieldlabel>points_possible</fieldlabel><fieldentry>1</fieldentry></qtimetadatafield><qtimetadatafield><fieldlabel>original_answer_ids</fieldlabel><fieldentry>ecdcdd55a2f2c22446c7ad5340faa9ea0044956d07babced541412c1e35681bdf5296777130b90f3,21140e3aafff7d63cae2abf4afa0b40de44ae09ee8560c4edfb5f7b93cb8c88e98bb375d562aa5ed,b30e438f8156b534ab7e38c6f90e7dc516251fbba2ba4e3c3739edd69813966993375dfa6eafd204,b08ffae7e343251e3f033982d31ccee14182e5ac68c12776e5ce00099bb90425845de8a94c223218</fieldentry></qtimetadatafield><qtimetadatafield><fieldlabel>assessment_question_identifierref</fieldlabel><fieldentry>27ec406806434d01ce20972d1d1b69cd18b5f6c61de915f7491255ae6b900ae924bb56b537768e3a</fieldentry></qtimetadatafield></qtimetadata></itemmetadata><presentation><material><mattext texttype="text/html">What is the time complexity of inserting an element at the end of a dynamic array (assuming no resizing is needed)?</mattext></material><response_lid ident="response1" rcardinality="Single"><render_choice><response_label ident="ecdcdd55a2f2c22446c7ad5340faa9ea0044956d07babced541412c1e35681bdf5296777130b90f3"><material><mattext texttype="text/html">O(n)</mattext></material></response_label><response_label ident="21140e3aafff7d63cae2abf4afa0b40de44ae09ee8560c4edfb5f7b93cb8c88e98bb375d562aa5ed"><material><mattext texttype="text/html">O(log n)</mattext></material></response_label><response_label ident="b30e438f8156b534ab7e38c6f90e7dc516251fbba2ba4e3c3739edd69813966993375dfa6eafd204"><material><mattext texttype="text/html">O(1)</mattext></material></response_label><response_label ident="b08ffae7e343251e3f033982d31ccee14182e5ac68c12776e5ce00099bb90425845de8a94c223218"><material><mattext texttype="text/html">O(n^2)</mattext></material></response_label></render_choice></response_lid></presentation><resprocessing><outcomes><decvar maxvalue="100" minvalue="0" varname="SCORE" vartype="Decimal"/></outcomes><respcondition continue="No"><conditionvar><varequal respident="response1">b30e438f8156b534ab7e38c6f90e7dc516251fbba2ba4e3c3739edd69813966993375dfa6eafd204</varequal></conditionvar><setvar actoin="Set" varname="SCORE">100</setvar></respcondition></resprocessing></item><item ident="e5ddf4d80e002c274ce627ce7a2471ef90f1446f8958470de922458f86997af0a00073ddfae60732" title="Question"><itemmetadata><qtimetadata><qtimetadatafield><fieldlabel>question_type</fieldlabel><fieldentry>true_false_question</fieldentry></qtimetadatafield><qtimetadatafield><fieldlabel>points_possible</fieldlabel><fieldentry>1</fieldentry></qtimetadatafield><qtimetadatafield><fieldlabel>original_answer_ids</fieldlabel><fieldentry>5deadc124d8b80e0bbd6636b53633d3b3a18a45555c340870a06c50680476afdc6d7e3e51bf27a64,84a43264acd6a72372032664f3a6fc2ffdb6b39fdf05b62f04dd4cf47411b529a2166a88188a7caf</fieldentry></qtimetadatafield><qtimetadatafield><fieldlabel>assessment_question_identifierref</fieldlabel><fieldentry>844a057c83010391ecd6a0c31980f72fd9b7da94cd8c4b6da9d358f2f4a899be1c09491211f22c4f</fieldentry></qtimetadatafield></qtimetadata></itemmetadata><presentation><material><mattext texttype="text/html">True or False: A recursive function must always have a base case to prevent infinite recursion.</mattext></material><response_lid ident="response1" rcardinality="Single"><render_choice><response_label ident="5deadc124d8b80e0bbd6636b53633d3b3a18a45555c340870a06c50680476afdc6d7e3e51bf27a64"><material><mattext texttype="text/html">True</mattext></material></response_label><response_label ident="84a43264acd6a72372032664f3a6fc2ffdb6b39fdf05b62f04dd4cf47411b529a2166a88188a7caf"><material><mattext texttype="text/html">False</mattext></material></response_label></render_choice></response_lid></presentation><resprocessing><outcomes><decvar maxvalue="100" minvalue="0" varname="SCORE" vartype="Decimal"/></outcomes><respcondition continue="No"><conditionvar><varequal respident="response1">5deadc124d8b80e0bbd6636b53633d3b3a18a45555c340870a06c50680476afdc6d7e3e51bf27a64</varequal></conditionvar><setvar actoin="Set" varname="SCORE">100</setvar></respcondition></resprocessing></item><item ident="c4c7a61d503e179b0d88d72f9d02da6ced0118640c9826df0e837b1723a9eeeb1ce7f23ee9816102" title="Question"><itemmetadata><qtimetadata><qtimetadatafield><fieldlabel>question_type</fieldlabel><fieldentry>multiple_choice_question</fieldentry></qtimetadatafield><qtimetadatafield><fieldlabel>points_possible</fieldlabel><fieldentry>1</fieldentry></qtimetadatafield><qtimetadatafield><fieldlabel>original_answer_ids</fieldlabel><fieldentry>d3d5c0d57c92c5d85464d127e9c37c86b5fee4cb67b7848bbac0879509c9c326842a968271d4d5c1,fadabc661cc5c2c7d8f09912afff4c19cab0414cb5dcb2e5db2b0c803734955c0307e566220f2fcc,90d4d48361982d3a4057579179f2b9ae528042c536791e1a5cef759abd6d3b963f09af84ef0f90ee,1980422e7b654ff7dae27d2a6b96954a8a375c270be5e1986efd410aac6ea5525cc030557375b9ea</fieldentry></qtimetadatafield><qtimetadatafield><fieldlabel>assessment_question_identifierref</fieldlabel><fieldentry>ab392b8316999ac64da67e3f490f012cdf6498966dfe98cc7eda5ee644672bd35246f2fa599952d2</fieldentry></qtimetadatafield></qtimetadata></itemmetadata><presentation><material><mattext texttype="text/html">Which of the following sorting algorithms has an average-case time complexity of O(n log n)?</mattext></material><response_lid ident="response1" rcardinality="Single"><render_choice><response_label ident="d3d5c0d57c92c5d85464d127e9c37c86b5fee4cb67b7848bbac0879509c9c326842a968271d4d5c1"><material><mattext texttype="text/html">Bubble Sort</mattext></material></response_label><response_label ident="fadabc661cc5c2c7d8f09912afff4c19cab0414cb5dcb2e5db2b0c803734955c0307e566220f2fcc"><material><mattext texttype="text/html">Insertion Sort</mattext></material></response_label><response_label ident="90d4d48361982d3a4057579179f2b9ae528042c536791e1a5cef759abd6d3b963f09af84ef0f90ee"><material><mattext texttype="text/html">Merge Sort</mattext></material></response_label><response_label ident="1980422e7b654ff7dae27d2a6b96954a8a375c270be5e1986efd410aac6ea5525cc030557375b9ea"><material><mattext texttype="text/html">Selection Sort</mattext></material></response_label></render_choice></response_lid></presentation><resprocessing><outcomes><decvar maxvalue="100" minvalue="0" varname="SCORE" vartype="Decimal"/></outcomes><respcondition continue="No"><conditionvar><varequal respident="response1">90d4d48361982d3a4057579179f2b9ae528042c536791e1a5cef759abd6d3b963f09af84ef0f90ee</varequal></conditionvar><setvar actoin="Set" varname="SCORE">100</setvar></respcondition></resprocessing></item><item ident="3bb344ee3c5eb7fb5100864830de3f3332c5820da18328fa43b2e2bebf426122c3d1caf6e705d5e1" title="Question"><itemmetadata><qtimetadata><qtimetadatafield><fieldlabel>question_type</fieldlabel><fieldentry>true_false_question</fieldentry></qtimetadatafield><qtimetadatafield><fieldlabel>points_possible</fieldlabel><fieldentry>1</fieldentry></qtimetadatafield><qtimetadatafield><fieldlabel>original_answer_ids</fieldlabel><fieldentry>7044d295da1a5d17fed45f4553743503ade95aecd3ef7d7fb6d91ebcabfe05704820987de26b15f8,4e940d0d2d432560eb3ea160119c69d5b05c641d9375ff064f492adf1909c098cb289c80e009ddbe</fieldentry></qtimetadatafield><qtimetadatafield><fieldlabel>assessment_question_identifierref</fieldlabel><fieldentry>cb4a759a4083b069069144070d0067a169e8284e56bf0c279c444695703343e56674e5c85300e855</fieldentry></qtimetadatafield></qtimetadata></itemmetadata><presentation><material><mattext texttype="text/html">True or False: Selection sort and insertion sort both have a worst-case time complexity of O(n²).</mattext></material><response_lid ident="response1" rcardinality="Single"><render_choice><response_label ident="7044d295da1a5d17fed45f4553743503ade95aecd3ef7d7fb6d91ebcabfe05704820987de26b15f8"><material><mattext texttype="text/html">True</mattext></material></response_label><response_label ident="4e940d0d2d432560eb3ea160119c69d5b05c641d9375ff064f492adf1909c098cb289c80e009ddbe"><material><mattext texttype="text/html">False</mattext></material></response_label></render_choice></response_lid></presentation><resprocessing><outcomes><decvar maxvalue="100" minvalue="0" varname="SCORE" vartype="Decimal"/></outcomes><respcondition continue="No"><conditionvar><varequal respident="response1">7044d295da1a5d17fed45f4553743503ade95aecd3ef7d7fb6d91ebcabfe05704820987de26b15f8</varequal></conditionvar><setvar actoin="Set" varname="SCORE">100</setvar></respcondition></resprocessing></item><item ident="7bdd02d00df171cef8e046608a19c7a7243309bdbde867b639356ced7557d64b761504006c528d7e" title="Question"><itemmetadata><qtimetadata><qtimetadatafield><fieldlabel>question_type</fieldlabel><fieldentry>true_false_question</fieldentry></qtimetadatafield><qtimetadatafield><fieldlabel>points_possible</fieldlabel><fieldentry>1</fieldentry></qtimetadatafield><qtimetadatafield><fieldlabel>original_answer_ids</fieldlabel><fieldentry>099a754d48ad186f5164319acc6d4e5a2407f66bbf1ff13bb8c54e44ac45fd25c8d1ec44abfbb5f0,3084204c387d5d71f4f3332344e810ea7ba4835c4286b4cc037ea4b752572a08528113411e827490</fieldentry></qtimetadatafield><qtimetadatafield><fieldlabel>assessment_question_identifierref</fieldlabel><fieldentry>d23c1b1e7d1f70df051dd2df82d185fe6c6607732264979f148c5ec855690f43c3bfff1d8ce7bae7</fieldentry></qtimetadatafield></qtimetadata></itemmetadata><presentation><material><mattext texttype="text/html">True or False: Binary search can be applied to both sorted and unsorted arrays.</mattext></material><response_lid ident="response1" rcardinality="Single"><render_choice><response_label ident="099a754d48ad186f5164319acc6d4e5a2407f66bbf1ff13bb8c54e44ac45fd25c8d1ec44abfbb5f0"><material><mattext texttype="text/html">True</mattext></material></response_label><response_label ident="3084204c387d5d71f4f3332344e810ea7ba4835c4286b4cc037ea4b752572a08528113411e827490"><material><mattext texttype="text/html">False</mattext></material></response_label></render_choice></response_lid></presentation><resprocessing><outcomes><decvar maxvalue="100" minvalue="0" varname="SCORE" vartype="Decimal"/></outcomes><respcondition continue="No"><conditionvar><varequal respident="response1">3084204c387d5d71f4f3332344e810ea7ba4835c4286b4cc037ea4b752572a08528113411e827490</varequal></conditionvar><setvar actoin="Set" varname="SCORE">100</setvar></respcondition></resprocessing></item><item ident="9da36697ca85f601bbb621eb8c251741f614d0dbdf8e258bf982817794d7f2fcde214ee5125249b2" title="Question"><itemmetadata><qtimetadata><qtimetadatafield><fieldlabel>question_type</fieldlabel><fieldentry>multiple_answers_question</fieldentry></qtimetadatafield><qtimetadatafield><fieldlabel>points_possible</fieldlabel><fieldentry>1</fieldentry></qtimetadatafield><qtimetadatafield><fieldlabel>original_answer_ids</fieldlabel><fieldentry>0bc5ae1c607533ed09297ebd43dc7b14fa22880908cac9822750392f7bc25a38a6f6d250d612b336,df4e95e2bc2a56bb527be8c5daad7968b8f93732676dd4e024e8c2810a63db2f03d39ba33c3ba6a2,a8ce501a78bd4b12e0fdad084994a0a7201db5c9791e99dd451a1c2e73a4da491a82edcc53c05a53,6f9a0235fe6c5a730b7bf2077b84a199c6d439687468525a942110b9ab7d63abc1b99cb34cb79adc</fieldentry></qtimetadatafield><qtimetadatafield><fieldlabel>assessment_question_identifierref</fieldlabel><fieldentry>a9d55240cfd430a7c62a5af673fc5f844ce6ed50c472709b21cea2e28238313f76c5e2c201585cc0</fieldentry></qtimetadatafield></qtimetadata></itemmetadata><presentation><material><mattext texttype="text/html">Which of the following are properties of a doubly linked list? (Select all that apply)</mattext></material><response_lid ident="response1" rcardinality="Multiple"><render_choice><response_label ident="0bc5ae1c607533ed09297ebd43dc7b14fa22880908cac9822750392f7bc25a38a6f6d250d612b336"><material><mattext texttype="text/html">It allows traversal in both directions</mattext></material></response_label><response_label ident="df4e95e2bc2a56bb527be8c5daad7968b8f93732676dd4e024e8c2810a63db2f03d39ba33c3ba6a2"><material><mattext texttype="text/html">It requires less memory than a singly linked list</mattext></material></response_label><response_label ident="a8ce501a78bd4b12e0fdad084994a0a7201db5c9791e99dd451a1c2e73a4da491a82edcc53c05a53"><material><mattext texttype="text/html">It has faster access time than an array</mattext></material></response_label><response_label ident="6f9a0235fe6c5a730b7bf2077b84a199c6d439687468525a942110b9ab7d63abc1b99cb34cb79adc"><material><mattext texttype="text/html">Each node contains two pointers</mattext></material></response_label></render_choice></response_lid></presentation><resprocessing><outcomes><decvar maxvalue="100" minvalue="0" varname="SCORE" vartype="Decimal"/></outcomes><respcondition continue="No"><conditionvar><and><varequal respident="response1">0bc5ae1c607533ed09297ebd43dc7b14fa22880908cac9822750392f7bc25a38a6f6d250d612b336</varequal><not><varequal respident="response1">df4e95e2bc2a56bb527be8c5daad7968b8f93732676dd4e024e8c2810a63db2f03d39ba33c3ba6a2</varequal></not><not><varequal respident="response1">a8ce501a78bd4b12e0fdad084994a0a7201db5c9791e99dd451a1c2e73a4da491a82edcc53c05a53</varequal></not><varequal respident="response1">6f9a0235fe6c5a730b7bf2077b84a199c6d439687468525a942110b9ab7d63abc1b99cb34cb79adc</varequal></and></conditionvar><setvar actoin="Set" varname="SCORE">100</setvar></respcondition></resprocessing></item><item ident="48cef9ddd8f461fb88944c127ffeb6926f45b8cc7c702dbb4ebceab638c2f40a40b49cc5ca79e606" title="Question"><itemmetadata><qtimetadata><qtimetadatafield><fieldlabel>question_type</fieldlabel><fieldentry>short_answer_question</fieldentry></qtimetadatafield><qtimetadatafield><fieldlabel>points_possible</fieldlabel><fieldentry>1</fieldentry></qtimetadatafield><qtimetadatafield><fieldlabel>original_answer_ids</fieldlabel><fieldentry>17083bb3a9d75c91037bfd4d3f3db206e30a055dbe9154e3cf81807e2d9e9eaa2c5126b42dfb1103</fieldentry></qtimetadatafield><qtimetadatafield><fieldlabel>assessment_question_identifierref</fieldlabel><fieldentry>799e4bb8fbb6c6ef72f533e70cc69d42183ee326d7b5645e9628ff70bbc2de37aa40e8ca4a2c1a7b</fieldentry></qtimetadatafield></qtimetadata></itemmetadata><presentation><material><mattext texttype="text/html">In a dynamic array, if the array's current size is 8 and you add the 9th element, the array will _____ in size.</mattext></material><response_str ident="response1" rcardinality="Single"><render_fib><response_label ident="answer1" rshuffle="No"/></render_fib></response_str></presentation><resprocessing><outcomes><decvar maxvalue="100" minvalue="0" varname="SCORE" vartype="Decimal"/></outcomes><respcondition continue="No"><conditionvar><varequal respident="response1">double</varequal></conditionvar><setvar actoin="Set" varname="SCORE">100</setvar></respcondition></resprocessing></item><item ident="3e525ef5f1177b010b0aaefa7e3a7e91a6c92b3f555038771fef05c31d8b51709ed16f64f45887c1" title="Question"><itemmetadata><qtimetadata><qtimetadatafield><fieldlabel>question_type</fieldlabel><fieldentry>short_answer_question</fieldentry></qtimetadatafield><qtimetadatafield><fieldlabel>points_possible</fieldlabel><fieldentry>1</fieldentry></qtimetadatafield><qtimetadatafield><fieldlabel>original_answer_ids</fieldlabel><fieldentry>2789e6bfbe324e2e78c647d7517d573aa9d87247ab18afe4baa60fcafdd4f9b12aedeedf4bdd305c,f37d443be4a8b60adcf3369462436bd2730cc55c456b02519821b035b0f893da231bd857869a6484</fieldentry></qtimetadatafield><qtimetadatafield><fieldlabel>assessment_question_identifierref</fieldlabel><fieldentry>0566c20b21ca4b4819cf11f150b005ead71f22744d988bf50daca99d0b924749f42a8d1a4f39cf33</fieldentry></qtimetadatafield></qtimetadata></itemmetadata><presentation><material><mattext texttype="text/html">In a doubly linked list, to delete a node, you must update the _____ and _____ pointers.</mattext></material><response_str ident="response1" rcardinality="Single"><render_fib><response_label ident="answer1" rshuffle="No"/></render_fib></response_str></presentation><resprocessing><outcomes><decvar maxvalue="100" minvalue="0" varname="SCORE" vartype="Decimal"/></outcomes><respcondition continue="No"><conditionvar><varequal respident="response1">previous</varequal><varequal respident="response1">next</varequal></conditionvar><setvar actoin="Set" varname="SCORE">100</setvar></respcondition></resprocessing></item><item ident="433924ef18d9d534fb2c850a9e4d7a58767f1d0b6301d0ce74c11a21f3597f5f52729804f57f1421" title="Question"><itemmetadata><qtimetadata><qtimetadatafield><fieldlabel>question_type</fieldlabel><fieldentry>essay_question</fieldentry></qtimetadatafield><qtimetadatafield><fieldlabel>points_possible</fieldlabel><fieldentry>1</fieldentry></qtimetadatafield><qtimetadatafield><fieldlabel>original_answer_ids</fieldlabel><fieldentry>5f2198195a2799e8cf48e444d47a05dceaec1e8541bcf80c7d3a000641f71ddef57809a23b40ec9d</fieldentry></qtimetadatafield><qtimetadatafield><fieldlabel>assessment_question_identifierref</fieldlabel><fieldentry>c4bf733e36d7bb3ca6ffccce0c30471ba1c170863a2682715067060e9986f049993841bc1d48a678</fieldentry></qtimetadatafield></qtimetadata></itemmetadata><presentation><material><mattext texttype="text/html">What is the primary reason why binary search is more efficient than linear search for large datasets?</mattext></material><response_str ident="response1" rcardinality="Single"><render_fib><response_label ident="answer1" rshuffle="No"/></render_fib></response_str></presentation><resprocessing><outcomes><decvar maxvalue="100" minvalue="0" varname="SCORE" vartype="Decimal"/></outcomes><respcondition continue="No"><conditionvar><other/></conditionvar></respcondition><respcondition continue="Yes"><conditionvar><other/></conditionvar></respcondition></resprocessing></item><item ident="e934ac68bace02686d9b9f9694c8b708dbbe682f91172ee6ca5b6dcc07c7980db433bf4f148a9d0a" title="Question"><itemmetadata><qtimetadata><qtimetadatafield><fieldlabel>question_type</fieldlabel><fieldentry>multiple_answers_question</fieldentry></qtimetadatafield><qtimetadatafield><fieldlabel>points_possible</fieldlabel><fieldentry>1</fieldentry></qtimetadatafield><qtimetadatafield><fieldlabel>original_answer_ids</fieldlabel><fieldentry>099d5a14ec9f289cba79df557a63bb35284ce86b308eda291e26a9ef6c847892c4262f9d9e6a0e78,53e170d0b3e56b124bf33edac300477e2068591d61b469fcda52a9e4d2efa04704f84068c157887b,c09f822568a85f025fce37bb33cb04b58b637c3cc64491ae90b794fc713b11c233500ea11a654412,fa614322f5a87bc404fcea0d54cafa203640bf88d93e2a21c32f8b9cf776ec9b4e5c18e21db568b4</fieldentry></qtimetadatafield><qtimetadatafield><fieldlabel>assessment_question_identifierref</fieldlabel><fieldentry>f525e1e70b256871f26dd557f24f80642888bef6b179dd934ba5b0fc9bb03e3ef14ec6bfee386d4a</fieldentry></qtimetadatafield></qtimetadata></itemmetadata><presentation><material><mattext texttype="text/html">Which of the following operations can be performed in constant time (O(1)) on a doubly linked list? (Select all that apply)</mattext></material><response_lid ident="response1" rcardinality="Multiple"><render_choice><response_label ident="099d5a14ec9f289cba79df557a63bb35284ce86b308eda291e26a9ef6c847892c4262f9d9e6a0e78"><material><mattext texttype="text/html">Insertion at the head</mattext></material></response_label><response_label ident="53e170d0b3e56b124bf33edac300477e2068591d61b469fcda52a9e4d2efa04704f84068c157887b"><material><mattext texttype="text/html">Deletion at the tail</mattext></material></response_label><response_label ident="c09f822568a85f025fce37bb33cb04b58b637c3cc64491ae90b794fc713b11c233500ea11a654412"><material><mattext texttype="text/html">Searching for an element</mattext></material></response_label><response_label ident="fa614322f5a87bc404fcea0d54cafa203640bf88d93e2a21c32f8b9cf776ec9b4e5c18e21db568b4"><material><mattext texttype="text/html">Insertion at the tail</mattext></material></response_label></render_choice></response_lid></presentation><resprocessing><outcomes><decvar maxvalue="100" minvalue="0" varname="SCORE" vartype="Decimal"/></outcomes><respcondition continue="No"><conditionvar><and><varequal respident="response1">099d5a14ec9f289cba79df557a63bb35284ce86b308eda291e26a9ef6c847892c4262f9d9e6a0e78</varequal><varequal respident="response1">53e170d0b3e56b124bf33edac300477e2068591d61b469fcda52a9e4d2efa04704f84068c157887b</varequal><not><varequal respident="response1">c09f822568a85f025fce37bb33cb04b58b637c3cc64491ae90b794fc713b11c233500ea11a654412</varequal></not><varequal respident="response1">fa614322f5a87bc404fcea0d54cafa203640bf88d93e2a21c32f8b9cf776ec9b4e5c18e21db568b4</varequal></and></conditionvar><setvar actoin="Set" varname="SCORE">100</setvar></respcondition></resprocessing></item><item ident="100e2fd0c598984121fdfc97324136cdce0b4cb5a7cc9d2a99c9626d974d735d650a1fc4580e91f8" title="Question"><itemmetadata><qtimetadata><qtimetadatafield><fieldlabel>question_type</fieldlabel><fieldentry>true_false_question</fieldentry></qtimetadatafield><qtimetadatafield><fieldlabel>points_possible</fieldlabel><fieldentry>1</fieldentry></qtimetadatafield><qtimetadatafield><fieldlabel>original_answer_ids</fieldlabel><fieldentry>38090586a3dbefb16db77b732ad897a2a99158ca37ba79748103b0d9f978aee47b84c75ad40d1ae8,a2388f64bcde921c551840a1857fa533d132b4897bd45676eb2f1e19acd9d6429d41d76cc6d687e2</fieldentry></qtimetadatafield><qtimetadatafield><fieldlabel>assessment_question_identifierref</fieldlabel><fieldentry>b597023343cfa185f72957782ad1a512f5e2301c6e151e5fda8e89e8e66735733e18eb24f4c12c03</fieldentry></qtimetadatafield></qtimetadata></itemmetadata><presentation><material><mattext texttype="text/html">True or False: The worst-case time complexity of inserting an element at the beginning of a singly linked list is O(1).</mattext></material><response_lid ident="response1" rcardinality="Single"><render_choice><response_label ident="38090586a3dbefb16db77b732ad897a2a99158ca37ba79748103b0d9f978aee47b84c75ad40d1ae8"><material><mattext texttype="text/html">True</mattext></material></response_label><response_label ident="a2388f64bcde921c551840a1857fa533d132b4897bd45676eb2f1e19acd9d6429d41d76cc6d687e2"><material><mattext texttype="text/html">False</mattext></material></response_label></render_choice></response_lid></presentation><resprocessing><outcomes><decvar maxvalue="100" minvalue="0" varname="SCORE" vartype="Decimal"/></outcomes><respcondition continue="No"><conditionvar><varequal respident="response1">38090586a3dbefb16db77b732ad897a2a99158ca37ba79748103b0d9f978aee47b84c75ad40d1ae8</varequal></conditionvar><setvar actoin="Set" varname="SCORE">100</setvar></respcondition></resprocessing></item><item ident="91b3ca97bff766bbb54f3cb934fb7cfc63708f8e74f205295449085408646773eff2c48ad4290c98" title="Question"><itemmetadata><qtimetadata><qtimetadatafield><fieldlabel>question_type</fieldlabel><fieldentry>multiple_choice_question</fieldentry></qtimetadatafield><qtimetadatafield><fieldlabel>points_possible</fieldlabel><fieldentry>1</fieldentry></qtimetadatafield><qtimetadatafield><fieldlabel>original_answer_ids</fieldlabel><fieldentry>672a2fb7e9d69511aa36082c65bad0749c177a44164bd06efefcb6717b04d63af48d4026bd477b97,eeaff912871026e5d35f5a569c55b87e049e388997d09c90cdb7fc9fe30ff6dff6d65815bc352cb7,235d16881327f3c92455c63aa0e9a32a1e09219e59dc5bcc1fe24bcd556b415ea2b3f2b3c3786133,5e9cd912c2fa11f16557a70752b5fe95003f820195571b41a0a5363923c59873369fee21b71934c5</fieldentry></qtimetadatafield><qtimetadatafield><fieldlabel>assessment_question_identifierref</fieldlabel><fieldentry>674341f3efb9a09fb2e92cecf2096735923b296ffd2767fdf0a50bdd910cb1d0f9b7aa565959d336</fieldentry></qtimetadatafield></qtimetadata></itemmetadata><presentation><material><mattext texttype="text/html">What is the time complexity of deleting a node in a singly linked list given a reference to that node?</mattext></material><response_lid ident="response1" rcardinality="Single"><render_choice><response_label ident="672a2fb7e9d69511aa36082c65bad0749c177a44164bd06efefcb6717b04d63af48d4026bd477b97"><material><mattext texttype="text/html">O(1)</mattext></material></response_label><response_label ident="eeaff912871026e5d35f5a569c55b87e049e388997d09c90cdb7fc9fe30ff6dff6d65815bc352cb7"><material><mattext texttype="text/html">O(n)</mattext></material></response_label><response_label ident="235d16881327f3c92455c63aa0e9a32a1e09219e59dc5bcc1fe24bcd556b415ea2b3f2b3c3786133"><material><mattext texttype="text/html">O(log n)</mattext></material></response_label><response_label ident="5e9cd912c2fa11f16557a70752b5fe95003f820195571b41a0a5363923c59873369fee21b71934c5"><material><mattext texttype="text/html">O(n^2)</mattext></material></response_label></render_choice></response_lid></presentation><resprocessing><outcomes><decvar maxvalue="100" minvalue="0" varname="SCORE" vartype="Decimal"/></outcomes><respcondition continue="No"><conditionvar><varequal respident="response1">eeaff912871026e5d35f5a569c55b87e049e388997d09c90cdb7fc9fe30ff6dff6d65815bc352cb7</varequal></conditionvar><setvar actoin="Set" varname="SCORE">100</setvar></respcondition></resprocessing></item><item ident="1b0fc4ec9ad4eb9a5e9208b09ae2bc40ef98842bba469fd4515e9f431678f8e0522714ad86ad856b" title="Question"><itemmetadata><qtimetadata><qtimetadatafield><fieldlabel>question_type</fieldlabel><fieldentry>short_answer_question</fieldentry></qtimetadatafield><qtimetadatafield><fieldlabel>points_possible</fieldlabel><fieldentry>1</fieldentry></qtimetadatafield><qtimetadatafield><fieldlabel>original_answer_ids</fieldlabel><fieldentry>9a06d4a385e7acfd06c8d9a32fee41184565ba0df2e2ad36970935fa5cbd832ea72aeb3cc8251175,fd2f42eac7e5fce955412a77de3b25ff07844899546140ee72fc20858d648af107f56666cb149004</fieldentry></qtimetadatafield><qtimetadatafield><fieldlabel>assessment_question_identifierref</fieldlabel><fieldentry>e9b518d30bd81ffefe5aba08f8e2b61d5b4fd12ce351baedb137dce8d182a99716ec18ab1f0821f4</fieldentry></qtimetadatafield></qtimetadata></itemmetadata><presentation><material><mattext texttype="text/html">When a dynamic array needs to resized, it doubles in size, and elements are ______ to the new array.</mattext></material><response_str ident="response1" rcardinality="Single"><render_fib><response_label ident="answer1" rshuffle="No"/></render_fib></response_str></presentation><resprocessing><outcomes><decvar maxvalue="100" minvalue="0" varname="SCORE" vartype="Decimal"/></outcomes><respcondition continue="No"><conditionvar><varequal respident="response1">copied</varequal><varequal respident="response1">Copied</varequal></conditionvar><setvar actoin="Set" varname="SCORE">100</setvar></respcondition></resprocessing></item><item ident="7f5ab4c16e118d3a889fe142b0874856ef11ddefdf8f2022bac35e85e04ec40f7ca8641dd92d5841" title="Question"><itemmetadata><qtimetadata><qtimetadatafield><fieldlabel>question_type</fieldlabel><fieldentry>true_false_question</fieldentry></qtimetadatafield><qtimetadatafield><fieldlabel>points_possible</fieldlabel><fieldentry>1</fieldentry></qtimetadatafield><qtimetadatafield><fieldlabel>original_answer_ids</fieldlabel><fieldentry>bcda0f28feb2a32508b6f445c470e20412b80d2e67ff6dbdda0d054c2b59e9254dc213dd1ec96049,81c89690d1592df478bef17116e003605ec07279e7e11206e3e2617048a2a311ef53ec8b59188d56</fieldentry></qtimetadatafield><qtimetadatafield><fieldlabel>assessment_question_identifierref</fieldlabel><fieldentry>c00b14fbef0d771f0ec9c5c976f66ca37fe29bae8b45a10e7fd63a4b4788a0fc5869ca1764e76000</fieldentry></qtimetadatafield></qtimetadata></itemmetadata><presentation><material><mattext texttype="text/html">True or False: A doubly linked list requires more memory per node than a singly linked list.</mattext></material><response_lid ident="response1" rcardinality="Single"><render_choice><response_label ident="bcda0f28feb2a32508b6f445c470e20412b80d2e67ff6dbdda0d054c2b59e9254dc213dd1ec96049"><material><mattext texttype="text/html">True</mattext></material></response_label><response_label ident="81c89690d1592df478bef17116e003605ec07279e7e11206e3e2617048a2a311ef53ec8b59188d56"><material><mattext texttype="text/html">False</mattext></material></response_label></render_choice></response_lid></presentation><resprocessing><outcomes><decvar maxvalue="100" minvalue="0" varname="SCORE" vartype="Decimal"/></outcomes><respcondition continue="No"><conditionvar><varequal respident="response1">bcda0f28feb2a32508b6f445c470e20412b80d2e67ff6dbdda0d054c2b59e9254dc213dd1ec96049</varequal></conditionvar><setvar actoin="Set" varname="SCORE">100</setvar></respcondition></resprocessing></item><item ident="58f2c69ef0ab3fe3fefc040ac7a1f1545eb3d918187d343c73b296b45f5933f3708d4e16e34ef794" title="Question"><itemmetadata><qtimetadata><qtimetadatafield><fieldlabel>question_type</fieldlabel><fieldentry>multiple_choice_question</fieldentry></qtimetadatafield><qtimetadatafield><fieldlabel>points_possible</fieldlabel><fieldentry>1</fieldentry></qtimetadatafield><qtimetadatafield><fieldlabel>original_answer_ids</fieldlabel><fieldentry>caa383bcd44fc42d7fe07e9422f40099cf1763ec607ec989db850ad34ec317e6d39ef0239fb65bee,ff067078533cc5f5beba3d030181d6c937d8ffb4d1c9576f2b3ddc7e8750246590cd27249ffd4a5f,86ccce69004150b0e61cfc7bda8c813b61fe3864038051315578cb107884544788194c2dcd2b7e09,4733a815069b460dd15f5989303598055734322818d8c34b589e89adcc6ca68eeba780312c904e8e</fieldentry></qtimetadatafield><qtimetadatafield><fieldlabel>assessment_question_identifierref</fieldlabel><fieldentry>dc72a73b46ddcf0147f8711edad6700cb3cb6e614d28f40d26c6bc14d64155df9fb54831bf30a06c</fieldentry></qtimetadatafield></qtimetadata></itemmetadata><presentation><material><mattext texttype="text/html">What is the worst-case time complexity of accessing an element in a singly linked list?</mattext></material><response_lid ident="response1" rcardinality="Single"><render_choice><response_label ident="caa383bcd44fc42d7fe07e9422f40099cf1763ec607ec989db850ad34ec317e6d39ef0239fb65bee"><material><mattext texttype="text/html">O(n)</mattext></material></response_label><response_label ident="ff067078533cc5f5beba3d030181d6c937d8ffb4d1c9576f2b3ddc7e8750246590cd27249ffd4a5f"><material><mattext texttype="text/html">O(log n)</mattext></material></response_label><response_label ident="86ccce69004150b0e61cfc7bda8c813b61fe3864038051315578cb107884544788194c2dcd2b7e09"><material><mattext texttype="text/html">O(1)</mattext></material></response_label><response_label ident="4733a815069b460dd15f5989303598055734322818d8c34b589e89adcc6ca68eeba780312c904e8e"><material><mattext texttype="text/html">O(n log n)</mattext></material></response_label></render_choice></response_lid></presentation><resprocessing><outcomes><decvar maxvalue="100" minvalue="0" varname="SCORE" vartype="Decimal"/></outcomes><respcondition continue="No"><conditionvar><varequal respident="response1">caa383bcd44fc42d7fe07e9422f40099cf1763ec607ec989db850ad34ec317e6d39ef0239fb65bee</varequal></conditionvar><setvar actoin="Set" varname="SCORE">100</setvar></respcondition></resprocessing></item><item ident="5d15f609a955b4c4f251c4d8a0df562a829f0a18e36ff569b0958cb689c5a2d91a339eba7a50fd0c" title="Question"><itemmetadata><qtimetadata><qtimetadatafield><fieldlabel>question_type</fieldlabel><fieldentry>essay_question</fieldentry></qtimetadatafield><qtimetadatafield><fieldlabel>points_possible</fieldlabel><fieldentry>1</fieldentry></qtimetadatafield><qtimetadatafield><fieldlabel>original_answer_ids</fieldlabel><fieldentry>9372cf64968318d29163a33b5997020e03459274161f3c2e4179f26557945190ba6b45220542d739</fieldentry></qtimetadatafield><qtimetadatafield><fieldlabel>assessment_question_identifierref</fieldlabel><fieldentry>31df3f38a0669606d9e1900e0b3adc7cee16aae3edeb013be16304f16173c8506ec019074b5d0afc</fieldentry></qtimetadatafield></qtimetadata></itemmetadata><presentation><material><mattext texttype="text/html">How would you implement the deletion of the head node in a doubly linked list?</mattext></material><response_str ident="response1" rcardinality="Single"><render_fib><response_label ident="answer1" rshuffle="No"/></render_fib></response_str></presentation><resprocessing><outcomes><decvar maxvalue="100" minvalue="0" varname="SCORE" vartype="Decimal"/></outcomes><respcondition continue="No"><conditionvar><other/></conditionvar></respcondition><respcondition continue="Yes"><conditionvar><other/></conditionvar></respcondition></resprocessing></item><item ident="2b9b8c45f1a5d5f61db0d79ce042b119a0ede9a5acee4e3fc6c866b4e527b1c63758be1f1c8e767f" title="Question"><itemmetadata><qtimetadata><qtimetadatafield><fieldlabel>question_type</fieldlabel><fieldentry>true_false_question</fieldentry></qtimetadatafield><qtimetadatafield><fieldlabel>points_possible</fieldlabel><fieldentry>1</fieldentry></qtimetadatafield><qtimetadatafield><fieldlabel>original_answer_ids</fieldlabel><fieldentry>91a30db080bbc7e4af2d67b8b7867c20a163e20052d3c645c70e3bcff58cdab2d6b2820a00fe6eda,b6e7b0c3585fb4a002ffbf2132610da94322f630bf4328a083fec680bbfab772b6494e1c77e0d23d</fieldentry></qtimetadatafield><qtimetadatafield><fieldlabel>assessment_question_identifierref</fieldlabel><fieldentry>5ddea26b64dfe00d86f612f45a5a21c64520781b1d76425ca09e8c50f3b2a0884dc22529408a520d</fieldentry></qtimetadatafield></qtimetadata></itemmetadata><presentation><material><mattext texttype="text/html">True or False: A recursive function is always more efficient than its iterative counterpart.</mattext></material><response_lid ident="response1" rcardinality="Single"><render_choice><response_label ident="91a30db080bbc7e4af2d67b8b7867c20a163e20052d3c645c70e3bcff58cdab2d6b2820a00fe6eda"><material><mattext texttype="text/html">True</mattext></material></response_label><response_label ident="b6e7b0c3585fb4a002ffbf2132610da94322f630bf4328a083fec680bbfab772b6494e1c77e0d23d"><material><mattext texttype="text/html">False</mattext></material></response_label></render_choice></response_lid></presentation><resprocessing><outcomes><decvar maxvalue="100" minvalue="0" varname="SCORE" vartype="Decimal"/></outcomes><respcondition continue="No"><conditionvar><varequal respident="response1">b6e7b0c3585fb4a002ffbf2132610da94322f630bf4328a083fec680bbfab772b6494e1c77e0d23d</varequal></conditionvar><setvar actoin="Set" varname="SCORE">100</setvar></respcondition></resprocessing></item><item ident="2d99c6cd2f7e82e9c3b201ab6ad86b5ee5295d100620d05fa2424290f1807af38f9b595d8e27c1eb" title="Question"><itemmetadata><qtimetadata><qtimetadatafield><fieldlabel>question_type</fieldlabel><fieldentry>multiple_answers_question</fieldentry></qtimetadatafield><qtimetadatafield><fieldlabel>points_possible</fieldlabel><fieldentry>1</fieldentry></qtimetadatafield><qtimetadatafield><fieldlabel>original_answer_ids</fieldlabel><fieldentry>6f4e7d49743e42993a64e712aa150f95bf1a61ed64c8c2842b88adf92c796ed32d378bba940b5d44,145fc353657e78a6ef10e998a41ed8704a14610f5360f83b4bd6fdc47c8695bb09f9538e842f0d00,41657926df384913eb792f92cb1e91edb99404544ca0e5bcea96c28b80b7f026c31a0c8ccbd9511b,77008bdd02e116294e692710c0c744d24c157d698965c12c4142135d8bd0a224317c5a392221a0d8</fieldentry></qtimetadatafield><qtimetadatafield><fieldlabel>assessment_question_identifierref</fieldlabel><fieldentry>070c03301b6d08584798b76254f79fe8744374d6676529a27bf4af0264c425600dc0ef8daf0813a6</fieldentry></qtimetadatafield></qtimetadata></itemmetadata><presentation><material><mattext texttype="text/html">Which of the following are true about recursion? (Select all that apply)</mattext></material><response_lid ident="response1" rcardinality="Multiple"><render_choice><response_label ident="6f4e7d49743e42993a64e712aa150f95bf1a61ed64c8c2842b88adf92c796ed32d378bba940b5d44"><material><mattext texttype="text/html">Recursion always performs faster than iteration</mattext></material></response_label><response_label ident="145fc353657e78a6ef10e998a41ed8704a14610f5360f83b4bd6fdc47c8695bb09f9538e842f0d00"><material><mattext texttype="text/html">Every recursive function must have a base case</mattext></material></response_label><response_label ident="41657926df384913eb792f92cb1e91edb99404544ca0e5bcea96c28b80b7f026c31a0c8ccbd9511b"><material><mattext texttype="text/html">Recursion can lead to stack overflow if there is no base case</mattext></material></response_label><response_label ident="77008bdd02e116294e692710c0c744d24c157d698965c12c4142135d8bd0a224317c5a392221a0d8"><material><mattext texttype="text/html">Recursive functions can only be used for mathematical problems</mattext></material></response_label></render_choice></response_lid></presentation><resprocessing><outcomes><decvar maxvalue="100" minvalue="0" varname="SCORE" vartype="Decimal"/></outcomes><respcondition continue="No"><conditionvar><and><not><varequal respident="response1">6f4e7d49743e42993a64e712aa150f95bf1a61ed64c8c2842b88adf92c796ed32d378bba940b5d44</varequal></not><varequal respident="response1">145fc353657e78a6ef10e998a41ed8704a14610f5360f83b4bd6fdc47c8695bb09f9538e842f0d00</varequal><varequal respident="response1">41657926df384913eb792f92cb1e91edb99404544ca0e5bcea96c28b80b7f026c31a0c8ccbd9511b</varequal><not><varequal respident="response1">77008bdd02e116294e692710c0c744d24c157d698965c12c4142135d8bd0a224317c5a392221a0d8</varequal></not></and></conditionvar><setvar actoin="Set" varname="SCORE">100</setvar></respcondition></resprocessing></item><item ident="8aa489efae57dd28207ddd3730b88841f5f29befe252a2ae3b36eb264515b56efc282f6019138cdd" title="Question"><itemmetadata><qtimetadata><qtimetadatafield><fieldlabel>question_type</fieldlabel><fieldentry>essay_question</fieldentry></qtimetadatafield><qtimetadatafield><fieldlabel>points_possible</fieldlabel><fieldentry>1</fieldentry></qtimetadatafield><qtimetadatafield><fieldlabel>original_answer_ids</fieldlabel><fieldentry>c2247f30497b56b608558287c2f7c924c174a9f3f9ea00f2cd6baa80dd1fa9565a408563e50d6638</fieldentry></qtimetadatafield><qtimetadatafield><fieldlabel>assessment_question_identifierref</fieldlabel><fieldentry>537c56fbfe7d950175061bd4f070b2fad822d755cc33b0513758cbb9b776176bfd5231cf0437314b</fieldentry></qtimetadatafield></qtimetadata></itemmetadata><presentation><material><mattext texttype="text/html">When performing a binary search, how do you calculate the middle index of an array?</mattext></material><response_str ident="response1" rcardinality="Single"><render_fib><response_label ident="answer1" rshuffle="No"/></render_fib></response_str></presentation><resprocessing><outcomes><decvar maxvalue="100" minvalue="0" varname="SCORE" vartype="Decimal"/></outcomes><respcondition continue="No"><conditionvar><other/></conditionvar></respcondition><respcondition continue="Yes"><conditionvar><other/></conditionvar></respcondition></resprocessing></item><item ident="438ef38e8a7ea20a9c3edde31e3f861f873758d37d5e4a0cf2f23982aa75da86b1c06f495f3cd757" title="Question"><itemmetadata><qtimetadata><qtimetadatafield><fieldlabel>question_type</fieldlabel><fieldentry>multiple_answers_question</fieldentry></qtimetadatafield><qtimetadatafield><fieldlabel>points_possible</fieldlabel><fieldentry>1</fieldentry></qtimetadatafield><qtimetadatafield><fieldlabel>original_answer_ids</fieldlabel><fieldentry>f40fcc1c577a264dba077e1fa9bd9a868103c64e3155bde3f647a69951c69c48b36db8f44cff58fd,99f233036ea8c966732817cca90e7bac2a6ef820e806fb0d6f4ae3bc89cd89cc901efb0bb6a2e296,210173a34cb51a80dd1eb0a1569520a68c7d4575f8a1c349f936f254e1e4c68dbb57e68c437c58d2,24ab5b0c08f523227dbc12a7a57fa6130ab1b15e563ce0e6365e570603be2d13c1037b9b45b2b29e</fieldentry></qtimetadatafield><qtimetadatafield><fieldlabel>assessment_question_identifierref</fieldlabel><fieldentry>2e29450bc8346b1c536a705bcc8511484b886a0586829bb2ab980b4a75d1b3cc7244170a87006b7b</fieldentry></qtimetadatafield></qtimetadata></itemmetadata><presentation><material><mattext texttype="text/html">Which of the following are correct for the time complexity of linear search? (Select all that apply)</mattext></material><response_lid ident="response1" rcardinality="Multiple"><render_choice><response_label ident="f40fcc1c577a264dba077e1fa9bd9a868103c64e3155bde3f647a69951c69c48b36db8f44cff58fd"><material><mattext texttype="text/html">It is faster than binary search on large datasets</mattext></material></response_label><response_label ident="99f233036ea8c966732817cca90e7bac2a6ef820e806fb0d6f4ae3bc89cd89cc901efb0bb6a2e296"><material><mattext texttype="text/html">It has a time complexity of O(log n)</mattext></material></response_label><response_label ident="210173a34cb51a80dd1eb0a1569520a68c7d4575f8a1c349f936f254e1e4c68dbb57e68c437c58d2"><material><mattext texttype="text/html">It works on both sorted and unsorted arrays</mattext></material></response_label><response_label ident="24ab5b0c08f523227dbc12a7a57fa6130ab1b15e563ce0e6365e570603be2d13c1037b9b45b2b29e"><material><mattext texttype="text/html">The time complexity is O(n)</mattext></material></response_label></render_choice></response_lid></presentation><resprocessing><outcomes><decvar maxvalue="100" minvalue="0" varname="SCORE" vartype="Decimal"/></outcomes><respcondition continue="No"><conditionvar><and><not><varequal respident="response1">f40fcc1c577a264dba077e1fa9bd9a868103c64e3155bde3f647a69951c69c48b36db8f44cff58fd</varequal></not><not><varequal respident="response1">99f233036ea8c966732817cca90e7bac2a6ef820e806fb0d6f4ae3bc89cd89cc901efb0bb6a2e296</varequal></not><varequal respident="response1">210173a34cb51a80dd1eb0a1569520a68c7d4575f8a1c349f936f254e1e4c68dbb57e68c437c58d2</varequal><varequal respident="response1">24ab5b0c08f523227dbc12a7a57fa6130ab1b15e563ce0e6365e570603be2d13c1037b9b45b2b29e</varequal></and></conditionvar><setvar actoin="Set" varname="SCORE">100</setvar></respcondition></resprocessing></item><item ident="ffb34e98400ebe0873855fc29a907d37eaaf40ed0e6056966d90174f9075da4e429bbd2c5b73f311" title="Question"><itemmetadata><qtimetadata><qtimetadatafield><fieldlabel>question_type</fieldlabel><fieldentry>short_answer_question</fieldentry></qtimetadatafield><qtimetadatafield><fieldlabel>points_possible</fieldlabel><fieldentry>1</fieldentry></qtimetadatafield><qtimetadatafield><fieldlabel>original_answer_ids</fieldlabel><fieldentry>6927a7ad0230014402fa06e79071b614e4070c99313d3c25094255b6d6e8130decc33ee0a4aa1ed0</fieldentry></qtimetadatafield><qtimetadatafield><fieldlabel>assessment_question_identifierref</fieldlabel><fieldentry>6148abf751181a3943c24e956f4a49c808b70241a19f7e2f5100f8e5e3b49a87b0486e9d4e30ea25</fieldentry></qtimetadatafield></qtimetadata></itemmetadata><presentation><material><mattext texttype="text/html">What is the time complexity of inserting an element at the beginning of a dynamic array?</mattext></material><response_str ident="response1" rcardinality="Single"><render_fib><response_label ident="answer1" rshuffle="No"/></render_fib></response_str></presentation><resprocessing><outcomes><decvar maxvalue="100" minvalue="0" varname="SCORE" vartype="Decimal"/></outcomes><respcondition continue="No"><conditionvar><varequal respident="response1">O(n)</varequal></conditionvar><setvar actoin="Set" varname="SCORE">100</setvar></respcondition></resprocessing></item><item ident="beca4ddf3ee480b17c5dbcb6d991b9ad4a3c559b9beb179203a481834f125dffda5204ac45fce92e" title="Question"><itemmetadata><qtimetadata><qtimetadatafield><fieldlabel>question_type</fieldlabel><fieldentry>essay_question</fieldentry></qtimetadatafield><qtimetadatafield><fieldlabel>points_possible</fieldlabel><fieldentry>1</fieldentry></qtimetadatafield><qtimetadatafield><fieldlabel>original_answer_ids</fieldlabel><fieldentry>f8155bdc1f2603c019b30730c81d65769edc2e2725cfd1205fbdc0af2d11e7930991818564300347</fieldentry></qtimetadatafield><qtimetadatafield><fieldlabel>assessment_question_identifierref</fieldlabel><fieldentry>8b923facf77b820a02f229e525ec5a6afb7bb62be35995c08fc7392d3dfe6b8d9f543709d4c6213a</fieldentry></qtimetadatafield></qtimetadata></itemmetadata><presentation><material><mattext texttype="text/html">What is the advantage of using a doubly linked list over a singly linked list?</mattext></material><response_str ident="response1" rcardinality="Single"><render_fib><response_label ident="answer1" rshuffle="No"/></render_fib></response_str></presentation><resprocessing><outcomes><decvar maxvalue="100" minvalue="0" varname="SCORE" vartype="Decimal"/></outcomes><respcondition continue="No"><conditionvar><other/></conditionvar></respcondition><respcondition continue="Yes"><conditionvar><other/></conditionvar></respcondition></resprocessing></item><item ident="305517f7a8447e2420ccb366078b954bf4cf3c3eaf0a579931c43b193b3e63c6ada15c863d223ff9" title="Question"><itemmetadata><qtimetadata><qtimetadatafield><fieldlabel>question_type</fieldlabel><fieldentry>true_false_question</fieldentry></qtimetadatafield><qtimetadatafield><fieldlabel>points_possible</fieldlabel><fieldentry>1</fieldentry></qtimetadatafield><qtimetadatafield><fieldlabel>original_answer_ids</fieldlabel><fieldentry>8bfc80e87dbc56accbc7b8f98cad39ba187a302dc23c12be37d889fe6085cff671c4702d76924b34,ac6aa526348f9e64dc119e75ca1347d3a4392f91ae366e5a4018d0f0e132059f61d11cbe9f3da96d</fieldentry></qtimetadatafield><qtimetadatafield><fieldlabel>assessment_question_identifierref</fieldlabel><fieldentry>747640d63660ecfee209269a7c8eadd34cbec9a1a5e15a4dc9e58795c956909112bbbb49269bdd03</fieldentry></qtimetadatafield></qtimetadata></itemmetadata><presentation><material><mattext texttype="text/html">True or False: The time complexity of binary search on a sorted array of size n is O(log n).</mattext></material><response_lid ident="response1" rcardinality="Single"><render_choice><response_label ident="8bfc80e87dbc56accbc7b8f98cad39ba187a302dc23c12be37d889fe6085cff671c4702d76924b34"><material><mattext texttype="text/html">True</mattext></material></response_label><response_label ident="ac6aa526348f9e64dc119e75ca1347d3a4392f91ae366e5a4018d0f0e132059f61d11cbe9f3da96d"><material><mattext texttype="text/html">False</mattext></material></response_label></render_choice></response_lid></presentation><resprocessing><outcomes><decvar maxvalue="100" minvalue="0" varname="SCORE" vartype="Decimal"/></outcomes><respcondition continue="No"><conditionvar><varequal respident="response1">8bfc80e87dbc56accbc7b8f98cad39ba187a302dc23c12be37d889fe6085cff671c4702d76924b34</varequal></conditionvar><setvar actoin="Set" varname="SCORE">100</setvar></respcondition></resprocessing></item><item ident="a41258c75e3112342e8b1a6a8a720b7fe25ad4c3e713bcda17db4a599f1f1f12471a7423854cfa6c" title="Question"><itemmetadata><qtimetadata><qtimetadatafield><fieldlabel>question_type</fieldlabel><fieldentry>essay_question</fieldentry></qtimetadatafield><qtimetadatafield><fieldlabel>points_possible</fieldlabel><fieldentry>1</fieldentry></qtimetadatafield><qtimetadatafield><fieldlabel>original_answer_ids</fieldlabel><fieldentry>7b86ac2b22107f515245340496711ed6f250c13cad577ea6750f61217056d81b093928e10b075905</fieldentry></qtimetadatafield><qtimetadatafield><fieldlabel>assessment_question_identifierref</fieldlabel><fieldentry>18229773dcf503f38a6cc490d2c5de9353d9ba8ac8cc4e2b53ec12161ebb126e4b88f348760e1cae</fieldentry></qtimetadatafield></qtimetadata></itemmetadata><presentation><material><mattext texttype="text/html">What is the worst-case time complexity of merge sort, and why does it occur?</mattext></material><response_str ident="response1" rcardinality="Single"><render_fib><response_label ident="answer1" rshuffle="No"/></render_fib></response_str></presentation><resprocessing><outcomes><decvar maxvalue="100" minvalue="0" varname="SCORE" vartype="Decimal"/></outcomes><respcondition continue="No"><conditionvar><other/></conditionvar></respcondition><respcondition continue="Yes"><conditionvar><other/></conditionvar></respcondition></resprocessing></item><item ident="34a02e68f3ccb1196793775b07fb0357d58eb9c13022f93222a575c17566afd3a1933d7d46625c69" title="Question"><itemmetadata><qtimetadata><qtimetadatafield><fieldlabel>question_type</fieldlabel><fieldentry>essay_question</fieldentry></qtimetadatafield><qtimetadatafield><fieldlabel>points_possible</fieldlabel><fieldentry>1</fieldentry></qtimetadatafield><qtimetadatafield><fieldlabel>original_answer_ids</fieldlabel><fieldentry>e2dab72d10199ccbf680f9361e965574e852591e98cd00adeaeec9bb4ba68b132fde33d1d6060719</fieldentry></qtimetadatafield><qtimetadatafield><fieldlabel>assessment_question_identifierref</fieldlabel><fieldentry>d1435b75b9bdc6735749e6ad7cb5b7f3403aeba2b9ce42b3e66edca424fe37272f92f166f56da0c7</fieldentry></qtimetadatafield></qtimetadata></itemmetadata><presentation><material><mattext texttype="text/html">What is the base case in a recursive function to compute the Fibonacci sequence?</mattext></material><response_str ident="response1" rcardinality="Single"><render_fib><response_label ident="answer1" rshuffle="No"/></render_fib></response_str></presentation><resprocessing><outcomes><decvar maxvalue="100" minvalue="0" varname="SCORE" vartype="Decimal"/></outcomes><respcondition continue="No"><conditionvar><other/></conditionvar></respcondition><respcondition continue="Yes"><conditionvar><other/></conditionvar></respcondition></resprocessing></item><item ident="d8531257937c8865322377a74b950df005bddf80c56cf041e0a1cc13ffef9cbdbf78612916df4400" title="Question"><itemmetadata><qtimetadata><qtimetadatafield><fieldlabel>question_type</fieldlabel><fieldentry>multiple_answers_question</fieldentry></qtimetadatafield><qtimetadatafield><fieldlabel>points_possible</fieldlabel><fieldentry>1</fieldentry></qtimetadatafield><qtimetadatafield><fieldlabel>original_answer_ids</fieldlabel><fieldentry>078bb331e2b301a1821a1e247717319b5f1ac8b07057164e6c0b250aa5e8a7194a6f7081cb0b501d,0b6d38d3ce94a30fc24009a8fdc6e1041e2ee799fd54301b204d8399cf83a07c824daece47f815f2,980f2dfe9a27c4e04091d40bcf9c0df76dfc2a6d399e66e0685c6ba61a2fc7297d55e68cd5c8e7bf,5a5e2f6d6c5806caf1c44a52bcf614bc6dd2de252881d121546fce90e4071edd2d54797822ed399b</fieldentry></qtimetadatafield><qtimetadatafield><fieldlabel>assessment_question_identifierref</fieldlabel><fieldentry>eb5ed7bce334122c575e68e98643e2da23fbe761a57ac789d1b91d35623aada51893c1d4862acf0a</fieldentry></qtimetadatafield></qtimetadata></itemmetadata><presentation><material><mattext texttype="text/html">Which of the following are true for a dynamic array when it grows? (Select all that apply)</mattext></material><response_lid ident="response1" rcardinality="Multiple"><render_choice><response_label ident="078bb331e2b301a1821a1e247717319b5f1ac8b07057164e6c0b250aa5e8a7194a6f7081cb0b501d"><material><mattext texttype="text/html">The array's size doubles</mattext></material></response_label><response_label ident="0b6d38d3ce94a30fc24009a8fdc6e1041e2ee799fd54301b204d8399cf83a07c824daece47f815f2"><material><mattext texttype="text/html">The array's size is halved when it becomes too large</mattext></material></response_label><response_label ident="980f2dfe9a27c4e04091d40bcf9c0df76dfc2a6d399e66e0685c6ba61a2fc7297d55e68cd5c8e7bf"><material><mattext texttype="text/html">It may require shifting elements to accommodate the new size</mattext></material></response_label><response_label ident="5a5e2f6d6c5806caf1c44a52bcf614bc6dd2de252881d121546fce90e4071edd2d54797822ed399b"><material><mattext texttype="text/html">It can only grow to a fixed maximum size</mattext></material></response_label></render_choice></response_lid></presentation><resprocessing><outcomes><decvar maxvalue="100" minvalue="0" varname="SCORE" vartype="Decimal"/></outcomes><respcondition continue="No"><conditionvar><and><varequal respident="response1">078bb331e2b301a1821a1e247717319b5f1ac8b07057164e6c0b250aa5e8a7194a6f7081cb0b501d</varequal><not><varequal respident="response1">0b6d38d3ce94a30fc24009a8fdc6e1041e2ee799fd54301b204d8399cf83a07c824daece47f815f2</varequal></not><varequal respident="response1">980f2dfe9a27c4e04091d40bcf9c0df76dfc2a6d399e66e0685c6ba61a2fc7297d55e68cd5c8e7bf</varequal><not><varequal respident="response1">5a5e2f6d6c5806caf1c44a52bcf614bc6dd2de252881d121546fce90e4071edd2d54797822ed399b</varequal></not></and></conditionvar><setvar actoin="Set" varname="SCORE">100</setvar></respcondition></resprocessing></item><item ident="b71b94472f906bf1dd75068d0d82f1542ac6acf6062890f1e8c4bcc33c28906797ce3b0412c5ae2c" title="Question"><itemmetadata><qtimetadata><qtimetadatafield><fieldlabel>question_type</fieldlabel><fieldentry>essay_question</fieldentry></qtimetadatafield><qtimetadatafield><fieldlabel>points_possible</fieldlabel><fieldentry>1</fieldentry></qtimetadatafield><qtimetadatafield><fieldlabel>original_answer_ids</fieldlabel><fieldentry>e2e0d66de1a1316cb685299de5de947c085bef34193886e69a9b489bf2c3129ff51237f04dc7f1a2</fieldentry></qtimetadatafield><qtimetadatafield><fieldlabel>assessment_question_identifierref</fieldlabel><fieldentry>60eff2955e0d50e62c1ecca7741d4a3acd81e009d596179d3504d9c4c9eeb31192283f3b62b76e9a</fieldentry></qtimetadatafield></qtimetadata></itemmetadata><presentation><material><mattext texttype="text/html">In merge sort, what is the purpose of the "merge" step?</mattext></material><response_str ident="response1" rcardinality="Single"><render_fib><response_label ident="answer1" rshuffle="No"/></render_fib></response_str></presentation><resprocessing><outcomes><decvar maxvalue="100" minvalue="0" varname="SCORE" vartype="Decimal"/></outcomes><respcondition continue="No"><conditionvar><other/></conditionvar></respcondition><respcondition continue="Yes"><conditionvar><other/></conditionvar></respcondition></resprocessing></item><item ident="d0b1eaf7f1fb801de79dfe1752972d5db39246c4a83308c5510c4da8b221a52a84d8db31929a386c" title="Question"><itemmetadata><qtimetadata><qtimetadatafield><fieldlabel>question_type</fieldlabel><fieldentry>multiple_choice_question</fieldentry></qtimetadatafield><qtimetadatafield><fieldlabel>points_possible</fieldlabel><fieldentry>1</fieldentry></qtimetadatafield><qtimetadatafield><fieldlabel>original_answer_ids</fieldlabel><fieldentry>4e0f61133644963370e1b7eafd5a0d4372e1ce71debc33333f495fb111e7c9eb10e7425a26c8c148,a16b186d7caa2b1973a6227f338a5c4c97bfb80e7ac50dfe00ef5ce72611bb4884711db3cc9ea2e9,b65ba3b5d1130cd17f0eabda6b1536bb7295904219c44504431d570c9559e8595832fefc920d73d8,dd6fdf9bcdf855d11ee290959e4cbc3662ab9cc1237a20c68ab29e2a5a11747f23a1e4443b4731c5</fieldentry></qtimetadatafield><qtimetadatafield><fieldlabel>assessment_question_identifierref</fieldlabel><fieldentry>7d475e7becd0b2b453fb26d912236f95e5873f0a92e3267b071ff2a8145c6f72b2dfba01d854e414</fieldentry></qtimetadatafield></qtimetadata></itemmetadata><presentation><material><mattext texttype="text/html">When performing a binary search on an array of size 1024, how many comparisons does it take to find an element?</mattext></material><response_lid ident="response1" rcardinality="Single"><render_choice><response_label ident="4e0f61133644963370e1b7eafd5a0d4372e1ce71debc33333f495fb111e7c9eb10e7425a26c8c148"><material><mattext texttype="text/html">5</mattext></material></response_label><response_label ident="a16b186d7caa2b1973a6227f338a5c4c97bfb80e7ac50dfe00ef5ce72611bb4884711db3cc9ea2e9"><material><mattext texttype="text/html">8</mattext></material></response_label><response_label ident="b65ba3b5d1130cd17f0eabda6b1536bb7295904219c44504431d570c9559e8595832fefc920d73d8"><material><mattext texttype="text/html">10</mattext></material></response_label><response_label ident="dd6fdf9bcdf855d11ee290959e4cbc3662ab9cc1237a20c68ab29e2a5a11747f23a1e4443b4731c5"><material><mattext texttype="text/html">20</mattext></material></response_label></render_choice></response_lid></presentation><resprocessing><outcomes><decvar maxvalue="100" minvalue="0" varname="SCORE" vartype="Decimal"/></outcomes><respcondition continue="No"><conditionvar><varequal respident="response1">b65ba3b5d1130cd17f0eabda6b1536bb7295904219c44504431d570c9559e8595832fefc920d73d8</varequal></conditionvar><setvar actoin="Set" varname="SCORE">100</setvar></respcondition></resprocessing></item><item ident="71704f69530963810ce1c1c216ffcb3eeb6f23a8b8324d0b65b0f46c97bb8fc65616da8360521d8f" title="Question"><itemmetadata><qtimetadata><qtimetadatafield><fieldlabel>question_type</fieldlabel><fieldentry>multiple_choice_question</fieldentry></qtimetadatafield><qtimetadatafield><fieldlabel>points_possible</fieldlabel><fieldentry>1</fieldentry></qtimetadatafield><qtimetadatafield><fieldlabel>original_answer_ids</fieldlabel><fieldentry>df6728c10fcb9aca414d2304f3d28b4b30a285ac0ca2e72c711e07ceafcf3a147681c9eed118f2ee,7302c9e2bab8a7af3bfa50a922e75fc2c4c7c4be01e6cc64c8282bfcf88d925b5047de8db8d8e344,9c7b2af128687c27621844ea8f1470cf4961549a330ceead5dc6d2f8b0bf6ac0711546752bc7aa9b,eaeaf59cf552a856d9951edd56060060ba2d33aa1acd7561903395f01b839f14e860f7d286fd4602</fieldentry></qtimetadatafield><qtimetadatafield><fieldlabel>assessment_question_identifierref</fieldlabel><fieldentry>9a8ee669740144ffb4a69d8ce27d705bbeb7260969a3c798bfc76620644e22c4bd7462ff80817d5f</fieldentry></qtimetadatafield></qtimetadata></itemmetadata><presentation><material><mattext texttype="text/html">True or False: A dynamic array starts empty and grows by doubling in size whenever it is full. If you insert 17 elements, how many total element copies will have been performed?</mattext></material><response_lid ident="response1" rcardinality="Single"><render_choice><response_label ident="df6728c10fcb9aca414d2304f3d28b4b30a285ac0ca2e72c711e07ceafcf3a147681c9eed118f2ee"><material><mattext texttype="text/html">16</mattext></material></response_label><response_label ident="7302c9e2bab8a7af3bfa50a922e75fc2c4c7c4be01e6cc64c8282bfcf88d925b5047de8db8d8e344"><material><mattext texttype="text/html">17</mattext></material></response_label><response_label ident="9c7b2af128687c27621844ea8f1470cf4961549a330ceead5dc6d2f8b0bf6ac0711546752bc7aa9b"><material><mattext texttype="text/html">18</mattext></material></response_label><response_label ident="eaeaf59cf552a856d9951edd56060060ba2d33aa1acd7561903395f01b839f14e860f7d286fd4602"><material><mattext texttype="text/html">31</mattext></material></response_label></render_choice></response_lid></presentation><resprocessing><outcomes><decvar maxvalue="100" minvalue="0" varname="SCORE" vartype="Decimal"/></outcomes><respcondition continue="No"><conditionvar><varequal respident="response1">eaeaf59cf552a856d9951edd56060060ba2d33aa1acd7561903395f01b839f14e860f7d286fd4602</varequal></conditionvar><setvar actoin="Set" varname="SCORE">100</setvar></respcondition></resprocessing></item><item ident="17d1c7443388ff87aef90a42449f894db428034b5b1a31c163d2eb44fdfc9ba5c98d628d77d452cd" title="Question"><itemmetadata><qtimetadata><qtimetadatafield><fieldlabel>question_type</fieldlabel><fieldentry>short_answer_question</fieldentry></qtimetadatafield><qtimetadatafield><fieldlabel>points_possible</fieldlabel><fieldentry>1</fieldentry></qtimetadatafield><qtimetadatafield><fieldlabel>original_answer_ids</fieldlabel><fieldentry>aefd6f872858c0db351e91856bbb475b60935eacce3e2d6f7ba14abac6b5ac74c3f5b89a5a80e1e4,f90e091ff80ce256813857c5a794e5d9ff019959f6a6be7afa677c1069918b19445dd5ace3c6d64e</fieldentry></qtimetadatafield><qtimetadatafield><fieldlabel>assessment_question_identifierref</fieldlabel><fieldentry>edf73e86405e3f0fe04d6bcd4e97702692b51553520e885f82b5b8258783abae6eba1a6f7aa1b109</fieldentry></qtimetadatafield></qtimetadata></itemmetadata><presentation><material><mattext texttype="text/html">What is the time complexity of nested a for loop with i ranging from 0 to n, with i incremented by 1, and j ranging from i to n, multiplied by 2 each iteration? (O(???))</mattext></material><response_str ident="response1" rcardinality="Single"><render_fib><response_label ident="answer1" rshuffle="No"/></render_fib></response_str></presentation><resprocessing><outcomes><decvar maxvalue="100" minvalue="0" varname="SCORE" vartype="Decimal"/></outcomes><respcondition continue="No"><conditionvar><varequal respident="response1">O(n log n)</varequal><varequal respident="response1">O(nlogn)</varequal></conditionvar><setvar actoin="Set" varname="SCORE">100</setvar></respcondition></resprocessing></item><item ident="67f4905bb7f04168966b718a571c307df26e7e8502feac6f12b7e95b17fd4fba942d28492e042603" title="Question"><itemmetadata><qtimetadata><qtimetadatafield><fieldlabel>question_type</fieldlabel><fieldentry>multiple_answers_question</fieldentry></qtimetadatafield><qtimetadatafield><fieldlabel>points_possible</fieldlabel><fieldentry>1</fieldentry></qtimetadatafield><qtimetadatafield><fieldlabel>original_answer_ids</fieldlabel><fieldentry>f318680724b516880542257f735781043a1108e9c0c4da4a4d6581cf3283b1a519eca7129cfc9b66,71d370c19a5cc8a8c70ccd8039886370019c6bd662b7c7ba1925f50e454974a401e9a22604ae845e,6c90be56c8e26ccf0c2842aafc671ddba9e3851071cb60778e026df7e7f596cbc1e5e3fba24d2ff4,00b103598bddf1b00e43ba0fe03aeebc112a3813464fbb74124ca01770dcfaa24c4e5f1135c6a088</fieldentry></qtimetadatafield><qtimetadatafield><fieldlabel>assessment_question_identifierref</fieldlabel><fieldentry>59d5767a775ced9695ce6848fdaf678881236e77c7c2985391cbbbd27847649a6a7f31da426d3d9f</fieldentry></qtimetadatafield></qtimetadata></itemmetadata><presentation><material><mattext texttype="text/html">Which of the following are true about the merge sort algorithm? (Select all that apply)</mattext></material><response_lid ident="response1" rcardinality="Multiple"><render_choice><response_label ident="f318680724b516880542257f735781043a1108e9c0c4da4a4d6581cf3283b1a519eca7129cfc9b66"><material><mattext texttype="text/html">It divides the array into smaller subarrays</mattext></material></response_label><response_label ident="71d370c19a5cc8a8c70ccd8039886370019c6bd662b7c7ba1925f50e454974a401e9a22604ae845e"><material><mattext texttype="text/html">It has a worst-case time complexity of O(n log n)</mattext></material></response_label><response_label ident="6c90be56c8e26ccf0c2842aafc671ddba9e3851071cb60778e026df7e7f596cbc1e5e3fba24d2ff4"><material><mattext texttype="text/html">It requires less memory than quicksort</mattext></material></response_label><response_label ident="00b103598bddf1b00e43ba0fe03aeebc112a3813464fbb74124ca01770dcfaa24c4e5f1135c6a088"><material><mattext texttype="text/html">It is an in-place sorting algorithm</mattext></material></response_label></render_choice></response_lid></presentation><resprocessing><outcomes><decvar maxvalue="100" minvalue="0" varname="SCORE" vartype="Decimal"/></outcomes><respcondition continue="No"><conditionvar><and><varequal respident="response1">f318680724b516880542257f735781043a1108e9c0c4da4a4d6581cf3283b1a519eca7129cfc9b66</varequal><varequal respident="response1">71d370c19a5cc8a8c70ccd8039886370019c6bd662b7c7ba1925f50e454974a401e9a22604ae845e</varequal><not><varequal respident="response1">6c90be56c8e26ccf0c2842aafc671ddba9e3851071cb60778e026df7e7f596cbc1e5e3fba24d2ff4</varequal></not><not><varequal respident="response1">00b103598bddf1b00e43ba0fe03aeebc112a3813464fbb74124ca01770dcfaa24c4e5f1135c6a088</varequal></not></and></conditionvar><setvar actoin="Set" varname="SCORE">100</setvar></respcondition></resprocessing></item><item ident="e1ebbb6699daeb62fcb4825b61238411beb63c85ab98dd2eca68c1a8538a872e81b00a82f80d79ea" title="Question"><itemmetadata><qtimetadata><qtimetadatafield><fieldlabel>question_type</fieldlabel><fieldentry>essay_question</fieldentry></qtimetadatafield><qtimetadatafield><fieldlabel>points_possible</fieldlabel><fieldentry>1</fieldentry></qtimetadatafield><qtimetadatafield><fieldlabel>original_answer_ids</fieldlabel><fieldentry>e5191dcd1afb61c59fca31f347afe7241fdec85007cdad0154dac2849ac9864e3f5910f9b5df7cfc</fieldentry></qtimetadatafield><qtimetadatafield><fieldlabel>assessment_question_identifierref</fieldlabel><fieldentry>dd531311555f7a9631b773424893ba145cdfae858a478637f9bae039c632d78eef5323cdd68769b1</fieldentry></qtimetadatafield></qtimetadata></itemmetadata><presentation><material><mattext texttype="text/html">In a linked list, how can you find the length of the list without using additional member variables or data structures?</mattext></material><response_str ident="response1" rcardinality="Single"><render_fib><response_label ident="answer1" rshuffle="No"/></render_fib></response_str></presentation><resprocessing><outcomes><decvar maxvalue="100" minvalue="0" varname="SCORE" vartype="Decimal"/></outcomes><respcondition continue="No"><conditionvar><other/></conditionvar></respcondition><respcondition continue="Yes"><conditionvar><other/></conditionvar></respcondition></resprocessing></item><item ident="4678696a07973487e80fa306878737144f1213e4c046624b3890c86320ed4fa98ecefc5fa649b2a3" title="Question"><itemmetadata><qtimetadata><qtimetadatafield><fieldlabel>question_type</fieldlabel><fieldentry>multiple_answers_question</fieldentry></qtimetadatafield><qtimetadatafield><fieldlabel>points_possible</fieldlabel><fieldentry>1</fieldentry></qtimetadatafield><qtimetadatafield><fieldlabel>original_answer_ids</fieldlabel><fieldentry>2bce0c0a66c069746a5fceaf3f8f2af2b1573c2ea561566be50d3fe405d05e91a1b5479bdeaffb1f,ecc4b0721a4504a2edd522504eafd16e61e2f41248cf1101a5d59506ad7bf195e5243af3e6bbbd68,e04e4870e588f643036dc4641cefdb6052055dde67b97b1d4635639ab42144a515833bfd0185a968,97dbac10b9e83ee94196936cbd49291695c48e147199f752393f9b1bafedeb6295889c37b029e905</fieldentry></qtimetadatafield><qtimetadatafield><fieldlabel>assessment_question_identifierref</fieldlabel><fieldentry>89a3867d68c997fcdd48bd408b4f34e592c6b6b09d0236d281c4976f831ccb15f33346af6a26c047</fieldentry></qtimetadatafield></qtimetadata></itemmetadata><presentation><material><mattext texttype="text/html">Which of the following are advantages of using recursion over iteration? (Select all that apply)</mattext></material><response_lid ident="response1" rcardinality="Multiple"><render_choice><response_label ident="2bce0c0a66c069746a5fceaf3f8f2af2b1573c2ea561566be50d3fe405d05e91a1b5479bdeaffb1f"><material><mattext texttype="text/html">Recursion always executes faster than iteration</mattext></material></response_label><response_label ident="ecc4b0721a4504a2edd522504eafd16e61e2f41248cf1101a5d59506ad7bf195e5243af3e6bbbd68"><material><mattext texttype="text/html">Recursion often leads to cleaner, more elegant solutions</mattext></material></response_label><response_label ident="e04e4870e588f643036dc4641cefdb6052055dde67b97b1d4635639ab42144a515833bfd0185a968"><material><mattext texttype="text/html">Recursion is more memory efficient than iteration</mattext></material></response_label><response_label ident="97dbac10b9e83ee94196936cbd49291695c48e147199f752393f9b1bafedeb6295889c37b029e905"><material><mattext texttype="text/html">Recursion can simplify the code for problems that naturally involve subproblems</mattext></material></response_label></render_choice></response_lid></presentation><resprocessing><outcomes><decvar maxvalue="100" minvalue="0" varname="SCORE" vartype="Decimal"/></outcomes><respcondition continue="No"><conditionvar><and><not><varequal respident="response1">2bce0c0a66c069746a5fceaf3f8f2af2b1573c2ea561566be50d3fe405d05e91a1b5479bdeaffb1f</varequal></not><varequal respident="response1">ecc4b0721a4504a2edd522504eafd16e61e2f41248cf1101a5d59506ad7bf195e5243af3e6bbbd68</varequal><not><varequal respident="response1">e04e4870e588f643036dc4641cefdb6052055dde67b97b1d4635639ab42144a515833bfd0185a968</varequal></not><varequal respident="response1">97dbac10b9e83ee94196936cbd49291695c48e147199f752393f9b1bafedeb6295889c37b029e905</varequal></and></conditionvar><setvar actoin="Set" varname="SCORE">100</setvar></respcondition></resprocessing></item><item ident="bd081e3a01c60c32210e667c0dae924540161ce03fcffe0bccf99518d348594a19022a6965ff77a0" title="Question"><itemmetadata><qtimetadata><qtimetadatafield><fieldlabel>question_type</fieldlabel><fieldentry>true_false_question</fieldentry></qtimetadatafield><qtimetadatafield><fieldlabel>points_possible</fieldlabel><fieldentry>1</fieldentry></qtimetadatafield><qtimetadatafield><fieldlabel>original_answer_ids</fieldlabel><fieldentry>0040978877e3fee74eb05a6fb8f3fb5ebd55edd59c5a5c6db4cce623f523b350d543a40d8d6b5509,668a97167770eeee40e82cfe5dc64c0fc034639adf4f537784671699bb08b14bfde348ab565b4e5e</fieldentry></qtimetadatafield><qtimetadatafield><fieldlabel>assessment_question_identifierref</fieldlabel><fieldentry>8ca9267c0931757ede2d877eee4eb61bca7c8abae67f7df07ef93f8c4163c2ad989d67ddbe975f7f</fieldentry></qtimetadatafield></qtimetadata></itemmetadata><presentation><material><mattext texttype="text/html">True or False: A singly linked list allows traversal in both forward and backward directions.</mattext></material><response_lid ident="response1" rcardinality="Single"><render_choice><response_label ident="0040978877e3fee74eb05a6fb8f3fb5ebd55edd59c5a5c6db4cce623f523b350d543a40d8d6b5509"><material><mattext texttype="text/html">True</mattext></material></response_label><response_label ident="668a97167770eeee40e82cfe5dc64c0fc034639adf4f537784671699bb08b14bfde348ab565b4e5e"><material><mattext texttype="text/html">False</mattext></material></response_label></render_choice></response_lid></presentation><resprocessing><outcomes><decvar maxvalue="100" minvalue="0" varname="SCORE" vartype="Decimal"/></outcomes><respcondition continue="No"><conditionvar><varequal respident="response1">668a97167770eeee40e82cfe5dc64c0fc034639adf4f537784671699bb08b14bfde348ab565b4e5e</varequal></conditionvar><setvar actoin="Set" varname="SCORE">100</setvar></respcondition></resprocessing></item><item ident="b7d040b40cd86cc48626e90c388b57a5c714b66e504b19d3d7a10bcf12fd6e5c95d4a87414d407cf" title="Question"><itemmetadata><qtimetadata><qtimetadatafield><fieldlabel>question_type</fieldlabel><fieldentry>essay_question</fieldentry></qtimetadatafield><qtimetadatafield><fieldlabel>points_possible</fieldlabel><fieldentry>1</fieldentry></qtimetadatafield><qtimetadatafield><fieldlabel>original_answer_ids</fieldlabel><fieldentry>98b60bb8d3a6e2e3e27b7c4f399b241be2533352a57fdbfa6d183cbb683fda731bcf35e2ad9198a6</fieldentry></qtimetadatafield><qtimetadatafield><fieldlabel>assessment_question_identifierref</fieldlabel><fieldentry>c6870f83f13fc5e72a12c1b30bae25acfaeff1b823f9c60de8fdf68e80eb094ec71970a63c97bcaa</fieldentry></qtimetadatafield></qtimetadata></itemmetadata><presentation><material><mattext texttype="text/html">When would you choose an dynamic array over a linked list for storing data?</mattext></material><response_str ident="response1" rcardinality="Single"><render_fib><response_label ident="answer1" rshuffle="No"/></render_fib></response_str></presentation><resprocessing><outcomes><decvar maxvalue="100" minvalue="0" varname="SCORE" vartype="Decimal"/></outcomes><respcondition continue="No"><conditionvar><other/></conditionvar></respcondition><respcondition continue="Yes"><conditionvar><other/></conditionvar></respcondition></resprocessing></item><item ident="433f50d84a2339925b460e22d56685b6ba61ce7ac9120eeac2b03fd7edd266cabd581b248b9329b2" title="Question"><itemmetadata><qtimetadata><qtimetadatafield><fieldlabel>question_type</fieldlabel><fieldentry>multiple_answers_question</fieldentry></qtimetadatafield><qtimetadatafield><fieldlabel>points_possible</fieldlabel><fieldentry>1</fieldentry></qtimetadatafield><qtimetadatafield><fieldlabel>original_answer_ids</fieldlabel><fieldentry>8f4551fe68bad71dd9203bf88c583fd450362e5c90998848c75490c261e75d0e416dba578f85e645,2a242f0ef94ab801c011531ba15ebcbbe3512bea46833234e913121883db518aa13e6e47c277bc72,1fe05e7248b498e821c7af559cd9553efcf45b384793f314b9079b288a414333f6ad309348759040,0571e425593b7ec977629e340877ef1e6a829c66c1368a9ad5d4f5bd2db4456a334f5d2dcab33553,bf129460a87ff5dcb74bfdacaf068ff97246078b605980aefa1c39f61c2346a5f7743166bd104983,6923fe12a781c19d87ae8d5f78cb7b0dbad184d2869d8e79adbcbafaaf334665a4989e3e61585062,73be43b7b46d5beb8271ab4d3440ab7689f10338cf732e47205e9612423be407145a627af9090515,42f63cf6975d9cc6ee8d4f7c25ad36a9cbcb9df8e3cf83fd7c4ca5a0c24b7ea81319f6ab8f3bac81,ad29630037a3e3dda8acb226348aec4a0e26ef6e0db3ef366d4e99c54e33eea2143d496cd969ac69,44a8d9313e32c7d0488c63af0bd9c98c971be3379d35070daa41fcf1f644c51c2c4ef9ba7444322c</fieldentry></qtimetadatafield><qtimetadatafield><fieldlabel>assessment_question_identifierref</fieldlabel><fieldentry>2bf6c55b6f4f94f3021488235294f0bd019a30c0f50add942220a56d829d3197f98eff38f85e8f30</fieldentry></qtimetadatafield></qtimetadata></itemmetadata><presentation><material><mattext texttype="text/html">Rate this Quiz done by Group #40. Select one option only.</mattext></material><response_lid ident="response1" rcardinality="Multiple"><render_choice><response_label ident="8f4551fe68bad71dd9203bf88c583fd450362e5c90998848c75490c261e75d0e416dba578f85e645"><material><mattext texttype="text/html">1</mattext></material></response_label><response_label ident="2a242f0ef94ab801c011531ba15ebcbbe3512bea46833234e913121883db518aa13e6e47c277bc72"><material><mattext texttype="text/html">2</mattext></material></response_label><response_label ident="1fe05e7248b498e821c7af559cd9553efcf45b384793f314b9079b288a414333f6ad309348759040"><material><mattext texttype="text/html">3</mattext></material></response_label><response_label ident="0571e425593b7ec977629e340877ef1e6a829c66c1368a9ad5d4f5bd2db4456a334f5d2dcab33553"><material><mattext texttype="text/html">4</mattext></material></response_label><response_label ident="bf129460a87ff5dcb74bfdacaf068ff97246078b605980aefa1c39f61c2346a5f7743166bd104983"><material><mattext texttype="text/html">5</mattext></material></response_label><response_label ident="6923fe12a781c19d87ae8d5f78cb7b0dbad184d2869d8e79adbcbafaaf334665a4989e3e61585062"><material><mattext texttype="text/html">6</mattext></material></response_label><response_label ident="73be43b7b46d5beb8271ab4d3440ab7689f10338cf732e47205e9612423be407145a627af9090515"><material><mattext texttype="text/html">7</mattext></material></response_label><response_label ident="42f63cf6975d9cc6ee8d4f7c25ad36a9cbcb9df8e3cf83fd7c4ca5a0c24b7ea81319f6ab8f3bac81"><material><mattext texttype="text/html">8</mattext></material></response_label><response_label ident="ad29630037a3e3dda8acb226348aec4a0e26ef6e0db3ef366d4e99c54e33eea2143d496cd969ac69"><material><mattext texttype="text/html">9</mattext></material></response_label><response_label ident="44a8d9313e32c7d0488c63af0bd9c98c971be3379d35070daa41fcf1f644c51c2c4ef9ba7444322c"><material><mattext texttype="text/html">10</mattext></material></response_label></render_choice></response_lid></presentation><resprocessing><outcomes><decvar maxvalue="100" minvalue="0" varname="SCORE" vartype="Decimal"/></outcomes><respcondition continue="No"><conditionvar><and><varequal respident="response1">8f4551fe68bad71dd9203bf88c583fd450362e5c90998848c75490c261e75d0e416dba578f85e645</varequal><varequal respident="response1">2a242f0ef94ab801c011531ba15ebcbbe3512bea46833234e913121883db518aa13e6e47c277bc72</varequal><varequal respident="response1">1fe05e7248b498e821c7af559cd9553efcf45b384793f314b9079b288a414333f6ad309348759040</varequal><varequal respident="response1">0571e425593b7ec977629e340877ef1e6a829c66c1368a9ad5d4f5bd2db4456a334f5d2dcab33553</varequal><varequal respident="response1">bf129460a87ff5dcb74bfdacaf068ff97246078b605980aefa1c39f61c2346a5f7743166bd104983</varequal><varequal respident="response1">6923fe12a781c19d87ae8d5f78cb7b0dbad184d2869d8e79adbcbafaaf334665a4989e3e61585062</varequal><varequal respident="response1">73be43b7b46d5beb8271ab4d3440ab7689f10338cf732e47205e9612423be407145a627af9090515</varequal><varequal respident="response1">42f63cf6975d9cc6ee8d4f7c25ad36a9cbcb9df8e3cf83fd7c4ca5a0c24b7ea81319f6ab8f3bac81</varequal><varequal respident="response1">ad29630037a3e3dda8acb226348aec4a0e26ef6e0db3ef366d4e99c54e33eea2143d496cd969ac69</varequal><varequal respident="response1">44a8d9313e32c7d0488c63af0bd9c98c971be3379d35070daa41fcf1f644c51c2c4ef9ba7444322c</varequal></and></conditionvar><setvar actoin="Set" varname="SCORE">100</setvar></respcondition></resprocessing></item></section></assessment></questestinterop>
